id,spdx,slug,createdat,description,primarylanguage,branch,commits,asof,status,stars
MDEwOlJlcG9zaXRvcnkyMTc1NjgxMzc=,GPL-3.0,JamesGallant/ProVision,2019-10-25 15:55:44,Shiny app for proteomics data analysis,R,MDM6UmVmMjE3NTY4MTM3OnJlZnMvaGVhZHMvbWFzdGVy,12,2021-01-03 14:43:49,Done,6
MDEwOlJlcG9zaXRvcnk2NTQ1NDk0NA==,MIT,likelet/PlotAppForTBtools,2016-08-11 09:01:32,A shiny app for TBtools data plot,R,MDM6UmVmNjU0NTQ5NDQ6cmVmcy9oZWFkcy9tYXN0ZXI=,22,2021-01-03 06:13:17,Done,31
MDEwOlJlcG9zaXRvcnkxNDE1OTg2OTg=,GPL-3.0,ajwills72/catlearn,2018-07-19 15:30:04,Formal Psychological Models of Categorization and Learning,R,MDM6UmVmMTQxNTk4Njk4OnJlZnMvaGVhZHMvbWFzdGVy,85,2021-01-03 14:01:16,Done,14
MDEwOlJlcG9zaXRvcnk2NDM2NjM0NA==,MIT,wdecoster/DEA.R,2016-07-28 05:34:39,"Script to automate differential expression analysis using DESeq2, edgeR or limma-voom",R,MDM6UmVmNjQzNjYzNDQ6cmVmcy9oZWFkcy9tYXN0ZXI=,87,2021-01-03 06:13:17,Done,12
MDEwOlJlcG9zaXRvcnk2NTQyODA2MQ==,MIT,clarkfitzg/rddlist,2016-08-11 01:25:34,Implements some methods of an R list as a Spark RDD (resilient distributed dataset),R,MDM6UmVmNjU0MjgwNjE6cmVmcy9oZWFkcy9tYXN0ZXI=,22,2021-01-03 06:13:17,Done,10
MDEwOlJlcG9zaXRvcnk3NzIyOTAwNA==,MIT,tdepke/CluMSID,2016-12-23 14:02:17,Clustering of MS² Spectra for Metabolite Identification,R,MDM6UmVmNzcyMjkwMDQ6cmVmcy9oZWFkcy9tYXN0ZXI=,82,2021-01-03 06:13:17,Done,7
MDEwOlJlcG9zaXRvcnk2Mzg0NDE4MA==,MIT,kinow/nz-shiny-server,2016-07-21 06:46:17,NZ R-Shiny Server,R,MDM6UmVmNjM4NDQxODA6cmVmcy9oZWFkcy9tYXN0ZXI=,87,2021-01-03 06:13:17,Done,6
MDEwOlJlcG9zaXRvcnk1OTI2MTMyMA==,MIT,Keith-Godwin/QG-STEC-plus,2016-05-20 03:16:24,,R,MDM6UmVmNTkyNjEzMjA6cmVmcy9oZWFkcy9tYXN0ZXI=,15,2021-01-03 06:13:17,Done,3
MDEwOlJlcG9zaXRvcnk2ODYzMTMzNg==,MIT,TKoscik/tkmisc,2016-09-19 17:53:20,TKoscik's Miscellaneous R Functions,R,MDM6UmVmNjg2MzEzMzY6cmVmcy9oZWFkcy9tYXN0ZXI=,38,2021-01-03 06:13:17,Done,1
MDEwOlJlcG9zaXRvcnk3NTY1MTkzNA==,MIT,CancerRxGene/gdscDataR,2016-12-05 17:59:29,Package to be used in conjunction with the output of GDSC nlme logistic dose response model.,R,MDM6UmVmNzU2NTE5MzQ6cmVmcy9oZWFkcy9tYXN0ZXI=,3,2021-01-03 06:13:17,Done,1
MDEwOlJlcG9zaXRvcnk3NzIyNzU5NA==,MIT,gasse/pgm_tutorial,2016-12-23 13:37:08,,R,MDM6UmVmNzcyMjc1OTQ6cmVmcy9oZWFkcy9tYXN0ZXI=,10,2021-01-03 06:13:17,Done,1
MDEwOlJlcG9zaXRvcnk2MzAyNzAwNQ==,MIT,dwysocki/cross-spectral-analysis,2016-07-11 01:25:49,Provides functions for performing cross-spectral analysis on unevenly sampled timeseries.,R,MDM6UmVmNjMwMjcwMDU6cmVmcy9oZWFkcy9tYXN0ZXI=,1,2021-01-03 06:13:17,Done,1
MDEwOlJlcG9zaXRvcnk2MzAyNDg2MA==,MIT,rcorty/CortyKit,2016-07-11 00:30:52,,R,MDM6UmVmNjMwMjQ4NjA6cmVmcy9oZWFkcy9tYXN0ZXI=,41,2021-01-03 06:13:17,Done,1
MDEwOlJlcG9zaXRvcnk2ODYyNDQ3OA==,MIT,dpbroman/hydroforecast,2016-09-19 16:30:02,,R,MDM6UmVmNjg2MjQ0Nzg6cmVmcy9oZWFkcy9tYXN0ZXI=,30,2021-01-03 06:13:17,Done,1
MDEwOlJlcG9zaXRvcnk2ODY0MTgyNQ==,MIT,qsb300/sphscvrco,2016-09-19 20:04:27,Calculate Second Virial Coefficient for Spherical Potential,R,MDM6UmVmNjg2NDE4MjU6cmVmcy9oZWFkcy9tYXN0ZXI=,5,2021-01-03 06:13:17,Done,0
MDEwOlJlcG9zaXRvcnk2NjgxMzA3NQ==,MIT,jclopeztavera/medstudents-depression,2016-08-29 05:09:14,Repository for analyzing Mexican medical students' mental health data,R,MDM6UmVmNjY4MTMwNzU6cmVmcy9oZWFkcy9tYXN0ZXI=,97,2021-01-03 06:13:17,Done,1
MDEwOlJlcG9zaXRvcnk3NzIyNTAxNA==,MIT,lrodriguezlujan/shinyga,2016-12-23 12:46:50,Google Analytics for Shiny,R,MDM6UmVmNzcyMjUwMTQ6cmVmcy9oZWFkcy9tYXN0ZXI=,2,2021-01-03 06:13:17,Done,0
MDEwOlJlcG9zaXRvcnk2NTQzMzc1NQ==,MIT,mzhang13/TwitterCloud,2016-08-11 03:02:46,R application to create a word cloud of a Twitter user's tweet history.,R,MDM6UmVmNjU0MzM3NTU6cmVmcy9oZWFkcy9tYXN0ZXI=,5,2021-01-03 06:13:17,Done,0
MDEwOlJlcG9zaXRvcnk2ODYyODQ4NA==,MIT,czeildi/durer-stat,2016-09-19 17:18:17,Statistics about the history of the Dürer competition.,R,MDM6UmVmNjg2Mjg0ODQ6cmVmcy9oZWFkcy9tYXN0ZXI=,75,2021-01-03 06:13:17,Done,0
MDEwOlJlcG9zaXRvcnk1OTI1MTc5NA==,MIT,ohgane/ShotgunLipidomicsR,2016-05-20 00:12:09,A personal utility package with a collection of functions for analysis of mass spectrometry data. Focus is on shotgun lipidomics data acquired on a Thermo LTQ-Orbitrap XL.,R,MDM6UmVmNTkyNTE3OTQ6cmVmcy9oZWFkcy9tYXN0ZXI=,16,2021-01-03 06:13:17,Done,0
MDEwOlJlcG9zaXRvcnk2ODY0MzkwNQ==,MIT,lgallindo/SinIW-Simulation,2016-09-19 20:31:08,,R,MDM6UmVmNjg2NDM5MDU6cmVmcy9oZWFkcy9tYXN0ZXI=,5,2021-01-03 06:13:17,Done,0
MDEwOlJlcG9zaXRvcnk1ODYxMzczOA==,GPL-3.0,adamhsparks/epicrop,2016-05-12 06:21:17,Simulation Modelling of Crop Diseases Using a Susceptible-Exposed-Infectious-Removed (SEIR) Model,R,MDM6UmVmNTg2MTM3Mzg6cmVmcy9oZWFkcy9tYWlu,57,2021-01-04 00:07:50,Done,7
MDEwOlJlcG9zaXRvcnk2ODYzMTI0OA==,MIT,geoallen/crossSections,2016-09-19 17:52:19,Takes in GRWL river vector and outputs orthogonal shapefiles with length scaled to river width,R,MDM6UmVmNjg2MzEyNDg6cmVmcy9oZWFkcy9tYXN0ZXI=,2,2021-01-03 06:13:17,Done,0
MDEwOlJlcG9zaXRvcnk1OTI1OTI1MQ==,MIT,DewerZHT/Taiwan-AirQC,2016-05-20 02:41:28,The project for my first Data Mining & Analysis,R,MDM6UmVmNTkyNTkyNTE6cmVmcy9oZWFkcy9tYXN0ZXI=,40,2021-01-03 06:13:17,Done,0
MDEwOlJlcG9zaXRvcnk1OTI2NTY1Ng==,MIT,jdmccaffrey/r-programming-succinctly,2016-05-20 04:48:40,"Source code files for the ""R Programming Succinctly"" e-book",R,MDM6UmVmNTkyNjU2NTY6cmVmcy9oZWFkcy9tYXN0ZXI=,11,2021-01-03 06:13:17,Done,0
MDEwOlJlcG9zaXRvcnk3NzIzOTIxNQ==,MIT,aspartam206/PemrogrammanIntegratif,2016-12-23 16:58:15,,R,MDM6UmVmNzcyMzkyMTU6cmVmcy9oZWFkcy9tYXN0ZXI=,3,2021-01-03 06:13:17,Done,0
MDEwOlJlcG9zaXRvcnkyMjI3MTQ2NzY=,GPL-3.0,gabrielfranco89/aggrmodel,2019-11-19 14:26:17,R package for aggregate functional data model,R,MDM6UmVmMjIyNzE0Njc2OnJlZnMvaGVhZHMvbWFzdGVy,30,2021-01-03 20:35:55,Done,0
MDEwOlJlcG9zaXRvcnkxODEwMzY4MzY=,MIT,elmerfer/MIXTURE.App,2019-04-12 15:37:21,,R,MDM6UmVmMTgxMDM2ODM2OnJlZnMvaGVhZHMvbWFzdGVy,30,2021-01-03 19:16:17,Done,6
MDEwOlJlcG9zaXRvcnkzMjE1NDU5MTQ=,MIT,zyz0000/hard,2020-12-15 03:50:21,"Partial simulations in ""High dimensional thresholded regression and shrinkage effect""",R,MDM6UmVmMzIxNTQ1OTE0OnJlZnMvaGVhZHMvbWFpbg==,13,2021-01-03 13:42:35,Done,0
MDEwOlJlcG9zaXRvcnkzMTg5NjIzNDQ=,MIT,lijxug/JasonToolBox,2020-12-06 05:53:32,Just a personal toolbox for all the gadgets that I creates,R,MDM6UmVmMzE4OTYyMzQ0OnJlZnMvaGVhZHMvbWFpbg==,21,2021-01-03 13:42:35,Done,0
MDEwOlJlcG9zaXRvcnkyMTEwOTE4MTg=,GPL-3.0,ranghetti/prismaread,2019-09-26 13:09:13,"Import PRISMA hyperspectral data and convert them to a ""friendly"" format",R,MDM6UmVmMjExMDkxODE4OnJlZnMvaGVhZHMvbWFzdGVy,21,2021-01-03 16:05:00,Done,9
MDEwOlJlcG9zaXRvcnkzMjE1NDQxMTk=,MIT,carlosahr1297/CarlosHPackage,2020-12-15 03:40:33,UCLAEcon441 R Package Carlos Hernandez,R,MDM6UmVmMzIxNTQ0MTE5OnJlZnMvaGVhZHMvbWFpbg==,2,2021-01-03 13:42:35,Done,0
MDEwOlJlcG9zaXRvcnkxMzcxOTk0Njk=,MIT,PacktPublishing/Data-Science-with-SQL-Server-Quick-Start-Guide,2018-06-13 10:18:51,"Data Science with SQL Server Quick Start Guide, published by Packt",R,MDM6UmVmMTM3MTk5NDY5OnJlZnMvaGVhZHMvbWFzdGVy,12,2021-01-03 13:46:35,Done,4
MDEwOlJlcG9zaXRvcnkxMzk3MTQ3MDM=,MIT,xup6fup/MxnetR-CapsuleNet,2018-07-04 11:46:39,This is a simple example for implementing the Capsule Net by MxNetR,R,MDM6UmVmMTM5NzE0NzAzOnJlZnMvaGVhZHMvbWFzdGVy,9,2021-01-03 13:46:35,Done,3
MDEwOlJlcG9zaXRvcnkxMzU2OTA0NTI=,MIT,anandadata/mmbudgets,2018-06-01 08:30:28,Myanmar Budget Dashboard,R,MDM6UmVmMTM1NjkwNDUyOnJlZnMvaGVhZHMvbWFzdGVy,2,2021-01-03 13:46:35,Done,2
MDEwOlJlcG9zaXRvcnkxNDM0MjQ1MjA=,MIT,nielsaka/modelconf,2018-08-03 12:26:29,Estimation of Model Confidence Sets in R,R,MDM6UmVmMTQzNDI0NTIwOnJlZnMvaGVhZHMvbWFzdGVy,12,2021-01-03 13:46:35,Done,3
MDEwOlJlcG9zaXRvcnkxMzc4Nzg2MTY=,MIT,jamesliley/cfdr,2018-06-19 10:50:39,"Implements conditional false-discovery rate hypothesis testing, used to perform high-dimensional hypothesis tests. Requires a set of summary statistics in an experiment of interest, and 'levers' on a second set of summary statistics at the same variables for a second experiment. Enables frequentist hypothesis testing with overall strong control of false-discovery rate. Can use several estimators of the cFDR function.",R,MDM6UmVmMTM3ODc4NjE2OnJlZnMvaGVhZHMvbWFzdGVy,9,2021-01-03 13:46:35,Done,1
MDEwOlJlcG9zaXRvcnkxMzgyNzk2NDU=,MIT,vix-data/meetup-10-reinforcement-learning,2018-06-22 08:55:24,https://www.meetup.com/Vix-Data-Meetup/events/250452643/,R,MDM6UmVmMTM4Mjc5NjQ1OnJlZnMvaGVhZHMvbWFzdGVy,2,2021-01-03 13:46:35,Done,1
MDEwOlJlcG9zaXRvcnkxNDM0NDE5OTA=,MIT,Danielslee51/NEON-Shiny-Browser,2018-08-03 15:10:14,"A multifunctional R Shiny map tool deployed locally and designed to make NEON data accessible, visualized, and easy to interact with.",R,MDM6UmVmMTQzNDQxOTkwOnJlZnMvaGVhZHMvbWFzdGVy,98,2021-01-03 13:46:35,Done,1
MDEwOlJlcG9zaXRvcnkxMzk5NzYzOTY=,MIT,dmarch/abigoos,2018-07-06 11:29:29,Towards the integration of Animal-Borne Instruments (ABI) into Global Ocean Observing Systems (GOOS),R,MDM6UmVmMTM5OTc2Mzk2OnJlZnMvaGVhZHMvbWFzdGVy,55,2021-01-03 13:46:35,Done,2
MDEwOlJlcG9zaXRvcnkxMzcxODc0MjM=,MIT,helenphillips/ClimateChangeDataGaps,2018-06-13 08:39:22,,R,MDM6UmVmMTM3MTg3NDIzOnJlZnMvaGVhZHMvbWFzdGVy,8,2021-01-03 13:46:35,Done,0
MDEwOlJlcG9zaXRvcnkxMzU2OTA3NDU=,MIT,robineriksson/DNN4SS,2018-06-01 08:33:11,Deep neural networks for learning summary statistics in R using Keras and Tensorflow,R,MDM6UmVmMTM1NjkwNzQ1OnJlZnMvaGVhZHMvbWFzdGVy,7,2021-01-03 13:46:35,Done,0
MDEwOlJlcG9zaXRvcnkxMzkwMDcwMjI=,MIT,LesleyDing/UC-Davis-CS-Exams-Analysis,2018-06-28 11:05:46,:chart_with_upwards_trend: Regression and Classification with UC Davis student quiz data and exam data,R,MDM6UmVmMTM5MDA3MDIyOnJlZnMvaGVhZHMvbWFzdGVy,45,2021-01-03 13:46:35,Done,0
MDEwOlJlcG9zaXRvcnkxMzgyOTA2OTA=,MIT,ashuraCode/aeir-fuzzy-score,2018-06-22 10:39:36,,R,MDM6UmVmMTM4MjkwNjkwOnJlZnMvaGVhZHMvbWFzdGVy,2,2021-01-03 13:46:35,Done,0
MDEwOlJlcG9zaXRvcnkxNDQ1OTcyMDI=,MIT,tomfaulkenberry/RworkshopTLU,2018-08-13 15:15:20,Materials for R workshop at Texas Lutheran University,R,MDM6UmVmMTQ0NTk3MjAyOnJlZnMvaGVhZHMvbWFzdGVy,3,2021-01-03 13:46:35,Done,0
MDEwOlJlcG9zaXRvcnkxOTY2NzAzMDc=,LGPL-3.0,RJWANGbioinfo/APAlyzer,2019-07-13 02:44:39,APAlyzer is a toolkit for bioinformatic analysis of alternative polyadenylation (APA) events using RNA sequencing data. Our main approach is comparison of sequencing reads in regions demarcated by high quality polyadenylation sites (PASs) annotated in the PolyA_DB database (http://exon.njms.rutgers.edu/polya_db/v3/). The current version (v3.0) uses RNA-seq data to examine APA events in 3’ untranslated regions (3’UTRs) and in introns. The coding regions are used for gene expression calculation.,R,MDM6UmVmMTk2NjcwMzA3OnJlZnMvaGVhZHMvbWFzdGVy,16,2021-01-03 21:53:57,Done,2
MDEwOlJlcG9zaXRvcnkxMzc4NjE5ODI=,MIT,agbarnett/league.tables,2018-06-19 08:23:44,Creating a university league table based on good research practice,R,MDM6UmVmMTM3ODYxOTgyOnJlZnMvaGVhZHMvbWFzdGVy,42,2021-01-03 13:46:35,Done,0
MDEwOlJlcG9zaXRvcnkxMzU2OTIwMjg=,MIT,krademaker/cou11-data-analysis-in-R,2018-06-01 08:43:57,A data analysis pipeline for RNA-Seq data in R,R,MDM6UmVmMTM1NjkyMDI4OnJlZnMvaGVhZHMvbWFzdGVy,45,2021-01-03 13:46:35,Done,0
MDEwOlJlcG9zaXRvcnkxNDM0MzA2NTM=,MIT,bapalmer/SDAU-Autumn-2017,2018-08-03 13:27:07,First version of introductory R workshop: The tidyverse and beyond (8 x 2 hr sessions),R,MDM6UmVmMTQzNDMwNjUzOnJlZnMvaGVhZHMvbWFzdGVy,7,2021-01-03 13:46:35,Done,0
MDEwOlJlcG9zaXRvcnkxNDQ1ODI0NDM=,MIT,BojanCestnik/probability-estimation.R,2018-08-13 13:18:52,Experimental framework in R for experimenting with probability estimations from small samples,R,MDM6UmVmMTQ0NTgyNDQzOnJlZnMvaGVhZHMvbWFzdGVy,11,2021-01-03 13:46:35,Done,0
MDEwOlJlcG9zaXRvcnkxMzcxOTM2ODA=,MIT,paulinelemenkova/23-R-Euler-Venn_Diagram-Rose,2018-06-13 09:29:43,,R,MDM6UmVmMTM3MTkzNjgwOnJlZnMvaGVhZHMvbWFzdGVy,8,2021-01-03 13:46:35,Done,0
MDEwOlJlcG9zaXRvcnkxNDM0MjQ2ODM=,MIT,shirazipooya/Research-07,2018-08-03 12:28:19,,R,MDM6UmVmMTQzNDI0NjgzOnJlZnMvaGVhZHMvbWFzdGVy,17,2021-01-03 13:46:35,Done,0
MDEwOlJlcG9zaXRvcnkxMzcxOTU0NTA=,MIT,bimbam23/AnnOverlappeR,2018-06-13 09:44:09,,R,MDM6UmVmMTM3MTk1NDUwOnJlZnMvaGVhZHMvbWFzdGVy,12,2021-01-03 13:46:35,Done,0
MDEwOlJlcG9zaXRvcnkxMzcxOTk0OTc=,MIT,codez0mb1e/HomeCreditDefaultRisk,2018-06-13 10:19:09,Home Credit Default Risk Competition on Kaggle,R,MDM6UmVmMTM3MTk5NDk3OnJlZnMvaGVhZHMvbWFzdGVy,46,2021-01-03 13:46:35,Done,
MDEwOlJlcG9zaXRvcnkxMzA0NTM4MzI=,Apache-2.0,bm2-lab/MUSIC,2018-04-21 08:13:17,model-based understanding of single-cell CRISPR screening,R,MDM6UmVmMTMwNDUzODMyOnJlZnMvaGVhZHMvbWFzdGVy,85,2021-01-03 16:19:07,Done,7
MDEwOlJlcG9zaXRvcnkyMzc1ODY3NTM=,MIT,aschinchon/monsters-tiled,2020-02-01 08:43:59,An R experiment to create tiled images from a photograph using R and ggplot,R,MDM6UmVmMjM3NTg2NzUzOnJlZnMvaGVhZHMvbWFzdGVy,2,2021-01-03 13:47:10,Done,13
MDEwOlJlcG9zaXRvcnkyNDM5ODY2MzY=,MIT,shinykorea/corona-sickbed,2020-02-29 14:49:20,Dashboard: Gyeonggi Corona Management System,R,MDM6UmVmMjQzOTg2NjM2OnJlZnMvaGVhZHMvbWFzdGVy,77,2021-01-03 13:47:10,Done,6
MDEwOlJlcG9zaXRvcnkyNDM5NjY0MTU=,MIT,syedhamza12/R-Programming,2020-02-29 12:39:25,,R,MDM6UmVmMjQzOTY2NDE1OnJlZnMvaGVhZHMvbWFzdGVy,2,2021-01-03 13:47:10,Done,0
MDEwOlJlcG9zaXRvcnkyMzgzMjcxODU=,MIT,dlizcano/biodiv_caqueta,2020-02-04 23:20:24,Análisis de biodiversidad del proyecto Agroforestería para la Conservación,R,MDM6UmVmMjM4MzI3MTg1OnJlZnMvaGVhZHMvbWFzdGVy,9,2021-01-03 13:47:10,Done,0
MDEwOlJlcG9zaXRvcnkyNDY1MzQyMzQ=,MIT,higsch/corona-numbers,2020-03-11 09:54:36,Download current cases by region and plot.,R,MDM6UmVmMjQ2NTM0MjM0OnJlZnMvaGVhZHMvbWFzdGVy,8,2021-01-03 13:47:10,Done,0
MDEwOlJlcG9zaXRvcnkyMzgzMjY0Njc=,MIT,katherinehebert/FarmlandBirds,2020-02-04 23:14:53,"Analysis and visualization for the article ""Defining specialism and functional species groups in birds: First steps toward a farmland bird indicator.""",R,MDM6UmVmMjM4MzI2NDY3OnJlZnMvaGVhZHMvbWFzdGVy,18,2021-01-03 13:47:10,Done,0
MDEwOlJlcG9zaXRvcnkyNDY1NDc0NzI=,MIT,mwyleung/reprocode,2020-03-11 10:58:18,,R,MDM6UmVmMjQ2NTQ3NDcyOnJlZnMvaGVhZHMvbWFzdGVy,8,2021-01-03 13:47:10,Done,0
MDEwOlJlcG9zaXRvcnkyNDY1NTAxMTI=,MIT,marlegemmeke/ws,2020-03-11 11:12:12,workshop,R,MDM6UmVmMjQ2NTUwMTEyOnJlZnMvaGVhZHMvbWFzdGVy,12,2021-01-03 13:47:10,Done,0
MDEwOlJlcG9zaXRvcnkyMzgzMDc3MjQ=,MIT,sal2222/shiny_heat_stress,2020-02-04 21:12:10,,R,MDM6UmVmMjM4MzA3NzI0OnJlZnMvaGVhZHMvbWFzdGVy,8,2021-01-03 13:47:10,Done,0
MDEwOlJlcG9zaXRvcnkyNDY1NDY4MDE=,MIT,ClaudioZandonella/My_project_example,2020-03-11 10:54:56,An example of reproducible code,R,MDM6UmVmMjQ2NTQ2ODAxOnJlZnMvaGVhZHMvbWFzdGVy,12,2021-01-03 13:47:10,Done,0
MDEwOlJlcG9zaXRvcnkyNTEwMTkxNjY=,MIT,denistanjingyu/IBM-HR-Analytics,2020-03-29 11:46:46,"Leverage external data and non-traditional methods to accurately assess and shortlist candidates with the relevant skillsets, experience and psycho-emotional traits, and match them with relevant job openings to drive operational efficiency and improve accuracy in the matching process",R,MDM6UmVmMjUxMDE5MTY2OnJlZnMvaGVhZHMvbWFzdGVy,27,2021-01-03 13:47:10,Done,0
MDEwOlJlcG9zaXRvcnkyMzgzMDgwNzg=,MIT,cbohil/cdlutilities,2020-02-04 21:14:11,Functions that compartmentalize several steps involved in common analysis tasks in the UCF CDL Lab.,R,MDM6UmVmMjM4MzA4MDc4OnJlZnMvaGVhZHMvbWFzdGVy,21,2021-01-03 13:47:10,Done,0
MDEwOlJlcG9zaXRvcnkyNDIwMTMzMTA=,MIT,LLNL/meco,2020-02-20 23:34:58,A toy R library for basic microbial ecology tasks.,R,MDM6UmVmMjQyMDEzMzEwOnJlZnMvaGVhZHMvZGV2,12,2021-01-03 13:47:10,Done,0
MDEwOlJlcG9zaXRvcnkyNDE5OTQ4MTk=,MIT,katiesaund/cdifficile_mixed_infection_recurrence,2020-02-20 21:34:12,Coding project with Bailey to detect mixed C. difficile infections by MLST from metagenomes ,R,MDM6UmVmMjQxOTk0ODE5OnJlZnMvaGVhZHMvbWFzdGVy,32,2021-01-03 13:47:10,Done,0
MDEwOlJlcG9zaXRvcnkyNDY1NDcxMjk=,MIT,NathAmack/animated-enigma,2020-03-11 10:56:34,Trial ,R,MDM6UmVmMjQ2NTQ3MTI5OnJlZnMvaGVhZHMvbWFzdGVy,17,2021-01-03 13:47:10,Done,0
MDEwOlJlcG9zaXRvcnkyNTEwMTU1ODU=,MIT,joelonsql/covid-19-death-predictions,2020-03-29 11:26:33,Amateur COVID-19 modelling in R,R,MDM6UmVmMjUxMDE1NTg1OnJlZnMvaGVhZHMvbWFzdGVy,15,2021-01-03 13:47:10,Done,0
MDEwOlJlcG9zaXRvcnkyNjE0NDYzMDc=,MIT,burch-cm/generative-art,2020-05-05 11:35:34,Starting out with generative art in R,R,MDM6UmVmMjYxNDQ2MzA3OnJlZnMvaGVhZHMvbWFzdGVy,3,2021-01-03 13:47:10,Done,1
MDEwOlJlcG9zaXRvcnkxNjc4NjMyOTY=,MIT,aschinchon/mandalaxies,2019-01-27 21:56:04,Mandalas + Galaxies = Mandalaxies,R,MDM6UmVmMTY3ODYzMjk2OnJlZnMvaGVhZHMvbWFzdGVy,6,2021-01-03 13:47:21,Done,16
MDEwOlJlcG9zaXRvcnkxNjY0NzAzOTk=,MIT,dempseynoel/nrstations,2019-01-18 20:46:03,An R package for downloading station data from the National Rail Data Portal API,R,MDM6UmVmMTY2NDcwMzk5OnJlZnMvaGVhZHMvbWFzdGVy,27,2021-01-03 13:47:21,Done,3
MDEwOlJlcG9zaXRvcnkxNjc4NzE2MTQ=,MIT,dharm18/stock-datawarehouse,2019-01-27 23:40:14,A data warehouse and business intelligence project on Stock market dataset to answer non-trivial BI queries.,R,MDM6UmVmMTY3ODcxNjE0OnJlZnMvaGVhZHMvbWFzdGVy,21,2021-01-03 13:47:21,Done,3
MDEwOlJlcG9zaXRvcnkxNTAxNjkzNDU=,MIT,middleprofessor/harrellplot,2018-09-24 21:13:38,a Harrell plot R package. Also a shiny app.,R,MDM6UmVmMTUwMTY5MzQ1OnJlZnMvaGVhZHMvbWFzdGVy,19,2021-01-03 13:47:21,Done,1
MDEwOlJlcG9zaXRvcnkxNjg5OTM3NjE=,MIT,J535D165/cbsshape,2019-02-03 21:08:43,Simple interface for CBS Wijk en Buurtkaart.,R,MDM6UmVmMTY4OTkzNzYxOnJlZnMvaGVhZHMvbWFzdGVy,23,2021-01-03 13:47:21,Done,3
MDEwOlJlcG9zaXRvcnkxNTc3Njg4NDM=,MIT,swethagkrish/Shades-of-Media,2018-11-15 20:30:32,,R,MDM6UmVmMTU3NzY4ODQzOnJlZnMvaGVhZHMvbWFzdGVy,50,2021-01-03 13:47:21,Done,1
MDEwOlJlcG9zaXRvcnkxNDQ4MzgwMjA=,MIT,martingerdin/bengaltiger,2018-08-15 10:12:31,,R,MDM6UmVmMTQ0ODM4MDIwOnJlZnMvaGVhZHMvbWFzdGVy,439,2021-01-03 13:47:21,Init,1
MDEwOlJlcG9zaXRvcnkxNzM2MjQyNzI=,MIT,MatthiasDE/spark_standalone_docker,2019-03-03 20:10:00,Multiple-Node Standalone Spark with R and Python,R,MDM6UmVmMTczNjI0MjcyOnJlZnMvaGVhZHMvbWFzdGVy,20,2021-01-03 13:47:21,Done,0
MDEwOlJlcG9zaXRvcnkxNzQxOTQxODU=,MIT,disarm-platform/ui-covariate-extractor,2019-03-06 17:58:56,,R,MDM6UmVmMTc0MTk0MTg1OnJlZnMvaGVhZHMvbWFzdGVy,6,2021-01-03 13:47:21,Done,0
MDEwOlJlcG9zaXRvcnkxNTc3ODI2NjA=,MIT,UBC-MDS/Vancouver_Bike_Theft_Analysis,2018-11-15 22:53:00,Analysis of bike theft reports in Vancouver between 2003-2017.,R,MDM6UmVmMTU3NzgyNjYwOnJlZnMvaGVhZHMvbWFzdGVy,108,2021-01-03 13:47:21,Init,0
MDEwOlJlcG9zaXRvcnkxNjc4NjY4OTg=,MIT,manmartgarc/s4ds,2019-01-27 22:39:05,Practical Statistics for Data Science (O'Reilly),R,MDM6UmVmMTY3ODY2ODk4OnJlZnMvaGVhZHMvbWFzdGVy,9,2021-01-03 13:47:21,Done,0
MDEwOlJlcG9zaXRvcnkxNDQ4NDY2NzY=,MIT,valcourgeau/ev-trawl,2018-08-15 11:49:45,R package for Extreme Values modelling using trawl processes,R,MDM6UmVmMTQ0ODQ2Njc2OnJlZnMvaGVhZHMvbWFzdGVy,42,2021-01-03 13:47:21,Done,0
MDEwOlJlcG9zaXRvcnkxODkwNDUxODA=,GPL-3.0,ctdeepwatermonitoring/5YrMonitoringRpt,2019-05-28 14:31:41,A web-based monitoring report of CT DEEP water monitoring data collected in rivers and streams from 2011-2015,R,MDM6UmVmMTg5MDQ1MTgwOnJlZnMvaGVhZHMvbWFzdGVy,39,2021-01-03 14:20:51,Done,2
MDEwOlJlcG9zaXRvcnkxNzM2NDMyMjg=,MIT,radko9/shiny_app,2019-03-03 23:36:10,,R,MDM6UmVmMTczNjQzMjI4OnJlZnMvaGVhZHMvbWFzdGVy,3,2021-01-03 13:47:21,Done,0
MDEwOlJlcG9zaXRvcnkxNTAxNjQyNDI=,MIT,fengye0907/LAB4S,2018-09-24 20:27:05,,R,MDM6UmVmMTUwMTY0MjQyOnJlZnMvaGVhZHMvbWFzdGVy,14,2021-01-03 13:47:21,Done,0
MDEwOlJlcG9zaXRvcnkxNzQxOTAwNzg=,MIT,NeilBardhan/forecasting,2019-03-06 17:29:17,Time Series Analysis and Demand forecasting in Python and R,R,MDM6UmVmMTc0MTkwMDc4OnJlZnMvaGVhZHMvbWFzdGVy,39,2021-01-03 13:47:21,Done,0
MDEwOlJlcG9zaXRvcnkxNzQxNjk0Nzk=,MIT,zzzev/farmers-markets,2019-03-06 15:20:53,Code used to create data visualizations about farmer's markets.,R,MDM6UmVmMTc0MTY5NDc5OnJlZnMvaGVhZHMvbWFzdGVy,5,2021-01-03 13:47:21,Done,0
MDEwOlJlcG9zaXRvcnkxNjY0ODQ0Mzc=,MIT,forsythfuture/shiny_indicators,2019-01-18 23:17:19,Shiny app that automatically creates plots and conducts significance testing on point estimates.,R,MDM6UmVmMTY2NDg0NDM3OnJlZnMvaGVhZHMvbWFzdGVy,13,2021-01-03 13:47:21,Done,0
MDEwOlJlcG9zaXRvcnkxOTMxNTg1NDQ=,GPL-3.0,jds485/EnGauge,2019-06-21 20:49:26,"Repository for gathering Environmental Gauge data, processing that data, and doing basic exploratory (spatial) data analysis.",R,MDM6UmVmMTkzMTU4NTQ0OnJlZnMvaGVhZHMvbWFzdGVy,70,2021-01-03 19:50:00,Done,5
MDEwOlJlcG9zaXRvcnkxNTc3NzU4MDc=,MIT,UBC-MDS/DSCI_522_blei7_georgejjw_coco,2018-11-15 21:36:02,Analyzing chocolate bar ratings. A data science project for DSCI-522.,R,MDM6UmVmMTU3Nzc1ODA3OnJlZnMvaGVhZHMvbWFzdGVy,81,2021-01-03 13:47:21,Done,0
MDEwOlJlcG9zaXRvcnkyMTYxMjMwNjQ=,MIT,GreenleafLab/ArchR,2019-10-18 23:35:41,ArchR : Analysis of Regulatory Chromatin in R (www.ArchRProject.com),R,MDM6UmVmMjE2MTIzMDY0OnJlZnMvaGVhZHMvbWFzdGVy,92,2021-01-03 21:38:59,Done,146
MDEwOlJlcG9zaXRvcnkxNzQxNjk0ODA=,MIT,Haori/live-data,2019-03-06 15:20:54,,R,MDM6UmVmMTc0MTY5NDgwOnJlZnMvaGVhZHMvbWFzdGVy,41,2021-01-03 13:47:21,Done,0
MDEwOlJlcG9zaXRvcnkxNzQxODYyOTI=,MIT,titco/generate-audit-filter-data-presentation,2019-03-06 17:02:26,,R,MDM6UmVmMTc0MTg2MjkyOnJlZnMvaGVhZHMvbWFzdGVy,35,2021-01-03 13:47:21,Done,0
MDEwOlJlcG9zaXRvcnkxNzM2NDAxMTU=,MIT,jimtheflash/breftools,2019-03-03 22:57:28,helpers for gathering data from bref,R,MDM6UmVmMTczNjQwMTE1OnJlZnMvaGVhZHMvbWFzdGVy,2,2021-01-03 13:47:21,Done,0
MDEwOlJlcG9zaXRvcnkzMTgxMDU5NjQ=,GPL-3.0,AlbertoMiliano/Statistics,2020-12-03 07:06:22,Curso Estadística I,R,MDM6UmVmMzE4MTA1OTY0OnJlZnMvaGVhZHMvbWFpbg==,56,2021-01-03 13:47:46,Done,
MDEwOlJlcG9zaXRvcnkyMjI5ODQ2ODc=,GPL-3.0,adror1/nwslR,2019-11-20 16:50:13,Datasets and Analytics for the National Women's Soccer League (NWSL),R,MDM6UmVmMjIyOTg0Njg3OnJlZnMvaGVhZHMvbWFzdGVy,87,2021-01-03 15:20:15,Done,47
MDEwOlJlcG9zaXRvcnkxNDY2NTc1ODM=,GPL-2.0,hubentu/Rcwl,2018-08-29 20:55:50,Write CWL in R,R,MDM6UmVmMTQ2NjU3NTgzOnJlZnMvaGVhZHMvbWFzdGVy,83,2021-01-03 19:18:41,Done,0
MDEwOlJlcG9zaXRvcnkyMjYyMDM0MjI=,GPL-3.0,InteragencyEcologicalProgram/zooper,2019-12-05 22:55:00,R package to download and integrate zooplankton datasets from the Sacramento San Joaquin Delta,R,MDM6UmVmMjI2MjAzNDIyOnJlZnMvaGVhZHMvbWFzdGVy,31,2021-01-03 21:35:47,Done,1
