slug,stars,topics,watchers
TheKiteRunners/react,0.0,[],0.0
pooog90001/fence-gates,0.0,[],1.0
WhitePrime/storybook,0.0,[],0.0
chrismbarnes/ndnSIM,1.0,[],1.0
AtwoodCSB/Docker,1.0,[],2.0
sshukla82/rt-aware-systemtap,1.0,[],1.0
bitcoin-r/bitcoin-rxx,0.0,[],2.0
cyphermox/pkg-grub,0.0,[],1.0
pooog90001/fance-gates,0.0,[],1.0
mikarpasoftsas/inscripciones,0.0,[],2.0
MurshidMac/iwtoa-engine,1.0,[],1.0
ml-wo/MusicCreationStudio-Psycle,0.0,[],1.0
BorisKlinkerSAP/flowable-engine,0.0,[],1.0
flowable/flowable-engine,4151.0,[],244.0
wojtekby/gnuradio,0.0,[],1.0
dmascord/micropython,1.0,[],0.0
zhufangxing/ndnCDN,0.0,[],1.0
Tuxinou/test,1.0,[],1.0
Mellanox/buildroot,1.0,[],5.0
gphoto/libgphoto2,663.0,"['camera', 'digital', 'access', 'usb', 'canon', 'nikon', 'library', 'sony', 'pentax', 'powershot', 'eos', 'dslr', 'linux']",52.0
zengchenhuang/repos,0.0,[],1.0
w5860363/wownemesis,0.0,[],1.0
henry0hai/flowable-k8s,0.0,[],0.0
niranjanreddyy/flowable-engine,0.0,[],1.0
priyesh16/ns3,0.0,[],1.0
fsharp/FSharp.Compiler.Service,273.0,[],41.0
micropython/micropython,12627.0,"['micropython', 'python', 'embedded', 'microcontroller']",759.0
mich181189/christmascard2020_micropython,0.0,[],1.0
RakhithJK/micropython_new,0.0,[],1.0
pmp-p/wapy,6.0,"['python', 'micropython', 'wip-do-not-use', 'emscripten', 'wasm', 'web-assembly', 'webdev']",3.0
buyukesmeli/micropython,0.0,[],1.0
LoialOtter/micropython-glowey,0.0,[],1.0
rodgergr/micropython20,0.0,[],1.0
spp417833515/micropython,0.0,[],1.0
renzenicolai/micropython-with-badge-graphics,1.0,[],1.0
Justin-Bee/SER_402micropython,1.0,[],0.0
jppang/micropython,0.0,[],1.0
adamschmideg/geth-last-good,0.0,[],1.0
mail2nsrajesh/vmware-nsx,0.0,[],0.0
wplusio/go-ethereum,0.0,[],0.0
khatrijitendra/daniel_frappe,0.0,[],1.0
johnnychou/cinder,0.0,[],1.0
cdent/placement-1,0.0,[],2.0
znarf/statusnet-ladistribution,1.0,[],1.0
pleclech/hacking-haxe,17.0,[],7.0
lu-zero/x265,0.0,[],2.0
gitter-badger/nemesis,0.0,[],1.0
Antonshwed/mycointest,0.0,[],0.0
fsbolero/FSharp.Compiler.Service,3.0,[],4.0
appleseedhq/appleseed,1776.0,"['rendering', 'lighting', 'animation', 'visual-effects', 'vfx', 'blender', 'maya', '3dsmax', 'cpp', 'python', 'qt']",126.0
simplytunde/volt,0.0,[],1.0
jsukrut-indic/frappe_v7,0.0,[],0.0
dcos/dcos-ui,247.0,"['dcos-ux-guild', 'dcos']",47.0
lostdj/Jaklin-OpenJDK-JDK,0.0,[],1.0
learnforpractice/pyeos,133.0,"['python', 'eos', 'ethereum']",24.0
cobyism/redmine-heroku,14.0,[],3.0
exp1860/go-expanse,0.0,[],0.0
danilovsergey/i-bur,0.0,[],1.0
mkrufky/go-expanse,0.0,[],1.0
venusapsdev/generator-jhipster,0.0,[],0.0
xiaolaohu1/testforimport,0.0,[],0.0
talk2mayur/springBootExamples,0.0,[],1.0
bkadowaki/innerbtsp,0.0,[],1.0
builder12/amp-client,0.0,[],0.0
simplytunde/testphore,0.0,[],1.0
energicryptocurrency/energi3,30.0,[],17.0
codingfuture/orig-energi3,1.0,[],2.0
smtcrms/Singularity,0.0,[],0.0
eworm-de/claws-mail,3.0,[],2.0
Tux/claws-mail,0.0,[],2.0
ahngoo8Gongi/claws-mail,0.0,[],1.0
olafhering/claws,1.0,[],1.0
keur/claws-oauth2,2.0,[],2.0
chenylong/NodeBB_C,0.0,[],1.0
hc34315324/Renrenbit,1.0,[],3.0
quadwizard/qw-betaflight,0.0,[],1.0
superna9999/zephyr-stm32l4,1.0,[],3.0
wxw-matt/claws,0.0,[],1.0
darvisgalka/Fenix,0.0,[],1.0
zabojcaspamu/spamassassin_rules,32.0,[],12.0
dimensionofficial/DimensionChain-Beta,10.0,"['dimension-development', 'beta', 'archived']",1.0
apache/usergrid,992.0,['usergrid'],109.0
agiletechvn/go-ethereum,0.0,[],0.0
krayon/wasp-micropython,0.0,[],1.0
Jurisdeskinc/nemesis,0.0,[],2.0
bmabsout/neuroflight,0.0,[],2.0
1337days/Codiadclone,0.0,[],0.0
genavarov/bitcoinc,0.0,[],1.0
ZachYarbro/gnuradio,0.0,[],2.0
raphaelm/claws-mail-py3,0.0,[],2.0
xiaoleiPENG/my-project,0.0,[],0.0
drydenmaker/ToeBox,1.0,[],1.0
wind0419/wrt18-zyrh-luci,0.0,[],0.0
johnnychou/Ift_Cinder_Driver,0.0,[],1.0
gocd/gocd,6124.0,"['ci', 'cd', 'gocd', 'ci-cd', 'continuous-integration', 'continuous-delivery-server', 'continuous-delivery', 'infrastructure-as-code', 'continuous-deployment', 'continuous-testing']",221.0
joansmith/graylog2-server,0.0,[],1.0
swagger-api/swagger-codegen,13161.0,"['swagger', 'swagger-codegen', 'rest', 'rest-api', 'openapi-specification', 'openapi3']",425.0
Vaasgeet/bazel,0.0,[],0.0
Twinkleofficial/twinkle,0.0,[],1.0
andersonzch/swot,0.0,[],0.0
mnadil187/SVNToTFS,0.0,[],0.0
mdsajidfaizan/SajidRepo1,0.0,[],1.0
royan87/hadoop-fork,0.0,[],1.0
aces/Loris,105.0,"['loris', 'neuroinformatics', 'neuroimaging', 'database', 'data-sharing', 'science', 'hacktoberfest']",25.0
Anyz01/electron,0.0,[],0.0
luniehq/lunie,268.0,"['blockchain', 'proof-of-stake', 'cosmos', 'wallet', 'cosmos-hub']",18.0
aibaars/openjdk9-dev-hotspot,1.0,[],2.0
bittorf/kalua,78.0,[],14.0
mengqhui/codeblocks,0.0,[],2.0
vinaygwd/helm-repository,0.0,[],1.0
AnimeshGaur/angular-start,0.0,[],2.0
LocalOrbit/localorbit,15.0,"['ruby', 'rails', 'react', 'agriculture', 'open-source', 'food-delivery', 'local-food', 'food-hubs']",9.0
Runcy/codeblocks,0.0,[],1.0
eocschain/eocs,17.0,[],4.0
stackdocker/origin,1.0,[],4.0
streamline-eu/dynamic-flink,0.0,[],7.0
artemiy330/import-react,0.0,[],0.0
esmoyon1/GeonodeV1,0.0,[],1.0
doitroot/pinpoint,0.0,[],1.0
pinpoint-apm/pinpoint,11437.0,"['apm', 'monitoring', 'performance', 'agent', 'distributed-tracing', 'tracing']",771.0
AlexTheBest/ACore,3.0,[],1.0
Toporin/Electron-Cash-Satochip,0.0,[],1.0
unicodeveloper/php-experiment,1.0,[],1.0
bluemutedwisdom/buildroot,0.0,[],1.0
cmmohotti/myfirstPro,1.0,[],1.0
divakars/swagger-code-gen,0.0,[],1.0
gsmmindset/DataShIEP1,0.0,[],1.0
svn2github/awb,0.0,[],1.0
chef/chef-server,253.0,"['chef-server', 'erlang', 'chef-infra']",89.0
cilium/cilium,8445.0,"['containers', 'bpf', 'security', 'kubernetes', 'kubernetes-networking', 'cni', 'kernel', 'loadbalancing', 'monitoring', 'troubleshooting', 'xdp', 'ebpf', 'k8s', 'observability', 'networking']",252.0
imran-kn/Cilium-fork,0.0,[],1.0
sewerlabour/react-deeplearning,0.0,[],0.0
MingXinW/boncPinpoint,0.0,[],1.0
wiesyk/wiesyk,1.0,[],0.0
Toido/CodeGami,0.0,[],1.0
esmoyon1/geonode1,0.0,[],0.0
joansmith3/WordPress-Android,0.0,[],1.0
joansmith2/WordPress-Android,0.0,[],1.0
joansmith1/WordPress-Android,0.0,[],1.0
mikarpasoftsas/crm-creacttive,0.0,[],0.0
nitan2001/Orchard,0.0,[],1.0
tonghien22890/way,0.0,[],1.0
mygithub6/CMS,0.0,[],1.0
ridanxiaobing/Others-Orchard,0.0,[],1.0
MobileFirst-Platform-Developer-Center/DevCenter,18.0,[],4.0
MCoinProject/copay-m,0.0,[],0.0
Appcoin/device,0.0,[],1.0
ChesterBu/react-interpretation,0.0,[],1.0
DBram/SuiteNewCRM,0.0,[],2.0
btactic/SuiteCRM-SF,0.0,[],2.0
tj0105/onos-domain,0.0,[],1.0
weseek/growi,882.0,"['javascript', 'nodejs', 'react', 'jquery', 'markdown-editor', 'growi', 'wiki', 'wiki-engine']",46.0
VicAMMON/nodeBB,0.0,[],1.0
elkarto91/go-ethereum,0.0,[],0.0
OpenSwitchNOS/openswitch-infra-project-config,0.0,[],1.0
r-cc-c/project-config,0.0,[],1.0
shigeya/bitcoin-bsafe-work,0.0,[],0.0
JackieXie168/skim,52.0,[],5.0
gama-platform/gama,203.0,"['gama-platform', 'gama', 'simulation-framework', 'simulation-environment', 'simulation-toolkit', 'modeling-language', 'models', 'agent-based-modeling', 'mathematical-modelling', 'hybrid-modeling', 'gis', 'spatial-models', 'complex-systems', 'simulation', 'modeling', 'modeling-agents', 'integrated-modeling']",41.0
regardscitoyens/AFP-AN-RSS,7.0,[],10.0
xinsuifeng/helloWord,0.0,[],0.0
lugarcia94/reaction,0.0,[],1.0
conao3/feather-melpa,0.0,[],1.0
shamgo/fabric1.4,0.0,[],0.0
Sajjad-Baloch/Hello_world,0.0,[],0.0
RMORIOKA/tensorflow,0.0,[],1.0
Dengzygx/react,0.0,[],0.0
hileix/react-source-code-read,0.0,[],1.0
sureandrew/trinitycore,2.0,[],0.0
starunaway/react-source-read,0.0,[],1.0
USTC-INFINITELAB/onos-dpvisor,2.0,[],3.0
GradyD/bootstrap-material-fork,0.0,[],1.0
keepuse/react-source-read,0.0,[],1.0
garronej/linphone,0.0,[],2.0
frestobile/ffmpeg-test,0.0,[],1.0
VitaeTeam/ViLight,1.0,[],2.0
xrkit/vlc-android,0.0,[],1.0
CavemanIV/bs-study,0.0,[],1.0
newclear/openwrt-feed-luci,0.0,[],1.0
allchain/eth,0.0,[],1.0
CyangGitHub/springBoot,0.0,[],0.0
lukeymas99/Rsps,0.0,[],1.0
apache/logging-log4j2,1197.0,"['logging', 'apache', 'api', 'java', 'library', 'log4j', 'log4j2']",77.0
samuelhorwitz/typescript,0.0,[],1.0
DmitriyYakovenko/https-github.com-twbs-bootstrap,0.0,[],1.0
GFDRR/geonode-risk-tools,0.0,[],8.0
brion/StatusNet,14.0,[],6.0
mikecanna/test,0.0,[],0.0
Tripela007/AzureTest,0.0,[],1.0
divvy81/my-stk,0.0,[],1.0
johanvos/openjfx-jdk,0.0,[],1.0
eosforce/FORCEIO,9.0,[],4.0
MarconiProtocol/go-methereum,0.0,[],1.0
peterblazejewicz/bootstrap-sass,0.0,[],1.0
giellalt/lang-smn,1.0,"['finite-state-transducers', 'constraint-grammar', 'minority-language', 'nlp', 'language-resources', 'proofing-tools', 'indigenous-languages', 'giellalt-langs', 'maturity-prod', 'geo-nordic', 'langfam-uralic']",20.0
ArcezD/logging-log4j2,0.0,[],1.0
MpLLLL71/pmdc,1.0,[],2.0
NxtLvLSoftware/pmmp,1.0,[],1.0
labordoc/labordoc-next,1.0,[],2.0
esmoyon1/Geonode2.6_Stable,0.0,[],0.0
Ghazanfar1998/asdf,0.0,[],0.0
Ghazanfar1998/qwerty,0.0,[],0.0
spoopadoop/sickchill,0.0,[],0.0
shubhamoscar/bootstrap-rdsarqsnqf7ejlbf,0.0,[],1.0
inovexcorp/mobi,34.0,"['mobi', 'graph', 'sparql', 'rdf', 'semantic-web', 'owl', 'ontology', 'vocabulary']",11.0
cwarden/kettle,40.0,[],12.0
loftuxab/alfresco-community-loftux,9.0,"['alfresco-community', 'alfresco', 'alfresco-server', 'loftux', 'open-source', 'loftux-ab-customer']",9.0
JMVasquezR/eco_kym,0.0,[],1.0
qingqibing/carto.js,0.0,[],1.0
CartoDB/carto.js,416.0,[],119.0
nickhargreaves/CitizenReporter,0.0,[],1.0
duvallee/drone_fc_betaflight,0.0,[],1.0
adamlaska/explosion-spaCy,0.0,[],0.0
dylanht/tinkerpop,0.0,[],1.0
icywind333/material-ui,0.0,[],1.0
kresdian/mui,0.0,[],1.0
jakofranko/tsbs,0.0,[],0.0
lannonbr/vscode-issue-tracker,207.0,[],4.0
oisaorti/Material-Template,0.0,[],1.0
mui-org/material-ui-docs,132.0,['read-only'],9.0
YIXINSHUWU/material-ui,0.0,[],1.0
gentoo/eudev,368.0,['hacktoberfest'],90.0
qunixorg/eudev,0.0,[],2.0
AppStateESS/canopy,2.0,[],5.0
amadeobrands/hub,0.0,[],1.0
Kosmos82/kosmosdarkstar,0.0,[],1.0
halfclutch/racemode,0.0,[],1.0
karatt24/kek,0.0,[],0.0
cobwebos/SD-View,1.0,[],0.0
projectchrono/chrono,1080.0,[],112.0
lk021x/eudev,1.0,[],1.0
devaultcrypto/DeLight,4.0,[],2.0
opencog/link-grammar,299.0,"['english', 'russian', 'nlp', 'parser', 'grammar', 'natural-language', 'natural-language-processing', 'link-grammar']",43.0
dials/dials,36.0,"['crystallography', 'python', 'cpp']",26.0
ndevenish/dials,0.0,[],2.0
chokribr/PIST,0.0,[],2.0
EUDAT-B2SHARE/invenio-old,1.0,[],18.0
Yarin-CamDo/libgphoto2,0.0,[],0.0
MiaZmy1221/go-ethereum,0.0,[],0.0
EttusResearch/usrp-firmware,4.0,[],18.0
khmarbaise/maven-plugins,1.0,[],1.0
chenjuntong/react,0.0,[],1.0
SCW1/dspff,0.0,[],1.0
vikigit/master,0.0,[],2.0
TetoVATech/swot,0.0,[],0.0
Der-Jan/grub-zfs,0.0,[],1.0
bdd/buck-test,0.0,[],1.0
leodemoura/lean_clone,0.0,[],2.0
letanphuc/micropython,0.0,[],1.0
fcecin/infinitum-poc1,0.0,[],1.0
nicolasiensen/labcriativo,0.0,[],0.0
xdxfxdxd/bugfix,0.0,[],0.0
karim-Git/Signal-iOS,0.0,[],0.0
amanjmd/Jabref,1.0,[],1.0
srilakshmichennu/mypipelinecode,0.0,[],0.0
shooding/linphone,0.0,[],1.0
Romutk/lab3-2,0.0,[],1.0
ec-europa/platform-dev,44.0,[],33.0
SkillsFundingAgency/das-employerapprenticeshipsservice,2.0,[],29.0
guptaclp/wiswaweb,0.0,[],1.0
Jasig/SSP-Platform,3.0,[],20.0
iveslana/go-eth,0.0,[],0.0
sduvuru/kv_engine,0.0,[],0.0
stewnorriss/x265,0.0,[],1.0
PiPc2/freedombone,1.0,[],1.0
kvadevack/mpd,0.0,[],1.0
halfline/util-linux,0.0,[],1.0
funtoo/eudev,1.0,[],2.0
ccachain/ccachain,2.0,[],2.0
consulo-savepoint/consulo-scala,2.0,[],2.0
dadams14/terraform,0.0,[],0.0
debjava/baeldungGIT,4.0,[],2.0
mariiapetrova/tomcat,0.0,[],1.0
eoscochain/eoscochain,24.0,[],6.0
TheEntireCommunistManifesto/NewOpenRCT2,0.0,[],3.0
magit/magit,5070.0,"['emacs', 'git', 'magit']",163.0
cth103/dcpomatic,40.0,[],15.0
comhic/DGAC_BETAFLIGHT,0.0,[],0.0
liuzhongming/bootstrap,0.0,[],1.0
29e7e280-0d1c-4bba-98fe-f7cd3ca7500a/jfx-dev,0.0,[],0.0
usnistgov/pscr-openwrt-packages-fork,1.0,[],3.0
kevin58796B/trafficserver,3.0,[],0.0
Manny-Meister/spring-boot3,0.0,[],0.0
akmonk/lab3_2,0.0,[],1.0
nvl1109/buildroot-k70,2.0,[],1.0
c2mon/c2mon,61.0,"['monitoring', 'scada', 'clustering', 'c2mon', 'gnu-lgplv3', 'cern', 'cern-control']",17.0
HypsyNZ/RUNELIGHT,2.0,"['old', 'school', 'runescape', 'client', 'auto-escape', 'auto-space', 'auto-dialogs', 'helper', 'enhanced-blastfurnace', 'enhanced-fightcaves']",1.0
eosswedenorg/DAOBet,0.0,[],2.0
griidc/pelagos,14.0,"['php', 'symfony', 'scientific', 'javascript', 'vue', 'elasticsearch']",5.0
openstack/kolla-ansible,430.0,[],62.0
SouleDesigns/SouleDesigns.Orchard,0.0,[],1.0
MuhRehman/strapi_complete_with_documentation,0.0,[],1.0
yvpaulo/TesteSatrapi,0.0,[],1.0
Lokidiniz/strapii,0.0,[],1.0
lordhujang/strapi,0.0,[],1.0
Azure/azure-xplat-cli,657.0,"['azure-cli', 'azure-api', 'javascript', 'azure-xplat-cli', 'linux', 'nodejs', 'docker']",1980.0
VipWangQiaoqiao/SeaDAS,2.0,[],0.0
K-Wu/peloton-insight,1.0,[],2.0
we-trex-tech/go-eth,0.0,[],0.0
mola/qgis,2.0,[],2.0
teamfx/openjfx-10-dev-rt,3.0,[],4.0
dmitry-urenev/extended-orchard-cms-v10.1,0.0,[],3.0
openchatproject/safeos,2.0,[],0.0
vaidu03/gcp,0.0,[],1.0
deyuhua/istio-dev,0.0,[],1.0
gridgentoo/istio,0.0,[],1.0
SoujanyaMangipudi/istio-mesh,0.0,[],1.0
doitroot/istio,0.0,[],1.0
Keerthi1985/bookinfo,0.0,[],1.0
lewisojile/GoLang-Micro-Service-Tool,0.0,[],1.0
eric4820/dirt,0.0,[],1.0
madhavi2491/istio,0.0,[],1.0
nvkirankumar89/istio,0.0,[],2.0
motherfucker77/Patch1,0.0,[],1.0
anduschain/go-anduschain,5.0,[],4.0
istio/istio,27167.0,"['microservices', 'service-mesh', 'lyft-envoy', 'kubernetes', 'api-management', 'circuit-breaker', 'polyglot-microservices', 'enforce-policies', 'proxies', 'microservice', 'envoy', 'consul', 'nomad', 'request-routing', 'resiliency', 'fault-injection']",1020.0
maistra/istio,55.0,[],15.0
hashicorp/consul,22331.0,[],990.0
qingqibing/go_consul,0.0,[],1.0
qingqibing/consul,0.0,[],1.0
rpi3/BTC-M,0.0,[],2.0
ionic-team/ionic-site,440.0,[],59.0
ikapito/pdf.js,0.0,[],2.0
Ankr-network/dccn-ui,16.0,"['angular', 'stratos', 'edge-computing', 'distributed-computing']",14.0
jetunes/jabRefImproved,1.0,[],1.0
vsergeenko/lab32,1.0,[],1.0
PauloWCB/JabRef,2.0,[],1.0
blackrangersoftware/brs-syscoin-core,0.0,[],1.0
duduoliverio/jabRefImproved,1.0,[],0.0
xinlei87/cloud-compute-over-blockchain-solidity,2.0,[],1.0
jekyll/jekyll,42832.0,"['ruby', 'jekyll', 'static-site-generator', 'blog-engine', 'markdown', 'liquid']",1468.0
evegab/visual,0.0,[],1.0
cinoboli/jeky,0.0,[],0.0
jtlai0921/jekyll,0.0,[],1.0
NickScherer/jekyll-jekyll,0.0,[],1.0
UnaiFdB/higikera,0.0,[],2.0
TransferRNA/nope,0.0,[],1.0
WilJoey/magic-lantern,2.0,[],1.0
arthurbu/marlin_cetus_3d,0.0,[],2.0
tuxedocomputers/mytuxedo-android-client,0.0,[],3.0
oppia/oppia,4190.0,"['education', 'interactive', 'learning', 'python', 'appengine', 'tutor', 'web', 'javascript', 'nonprofit', 'angularjs', 'angular', 'tutorials', 'teaching']",250.0
hidao/cas-demo,0.0,[],1.0
StoDevX/AAO-React-Native,37.0,"['st-olaf', 'android', 'ios', 'react-native', 'javascript']",9.0
dtaht/ns-3-dev,2.0,[],3.0
mahmoudimus/ac,1.0,[],0.0
jostroland/ReactTest,0.0,[],1.0
eSentire/malfeed,12.0,[],16.0
DevOpsTea/SecOpsJuice,1.0,[],2.0
code-saturne/code_saturne,92.0,"['cfd', 'navier-stokes', 'turbulence', 'finite-volume', 'hpc-applications', 'c', 'mpi-applications', 'fortran', 'pyqt']",16.0
Nexenta/cinder-nedge1.1,0.0,[],10.0
brownjordaninternational/OrchardCMS,1.0,[],1.0
sferris/smf-buildroot-panda,0.0,[],1.0
mizanurcse18/material-ui-saved,0.0,[],2.0
dmitryunterov/lab3-2,0.0,[],1.0
HelloWorldDev/dexon,0.0,[],9.0
Berreta/-jabRefImproved,1.0,[],1.0
RuochunWisc/chrono4me751,1.0,[],1.0
T2-ES-DC-UFSCAR-TC/jabRefImproved,1.0,[],2.0
ebe-forks/ltp,0.0,[],3.0
rmutyaba123/eventum,0.0,[],1.0
eventum/eventum,123.0,"['eventum', 'issues', 'support', 'emails', 'symfony', 'php', 'imap', 'pop3', 'smtp', 'hacktoberfest']",20.0
angry-tony/pinpoint,0.0,[],1.0
uncletrunks/OXCE-od,1.0,"['sdl', 'opendingux', 'mips32', 'openxcom']",1.0
mnchikh/OrchardCMS,0.0,[],0.0
jaff521/orchard,0.0,[],1.0
fitspfr/pfr,0.0,[],1.0
azumi-/amnesia,1.0,[],1.0
Mirantis/mos-horizon,7.0,[],6.0
DongPoSu/logging-log4j2-2.12.1,0.0,[],1.0
gcalleft/codenvyjshop,0.0,[],1.0
ontop/ontop,433.0,"['ontop', 'sparql', 'r2rml', 'owl', 'obda', 'java', 'virtual-knowledge-graph', 'vkg']",51.0
aibasel/downward,61.0,"['planning', 'classical-planning']",8.0
RanRuan/React,0.0,[],1.0
T1-ES-DC-UFSCAR-TC/-jabRefImproved,1.0,[],1.0
Dev-JamesR/go-xerom,0.0,[],1.0
BMVAK/web-2,0.0,[],1.0
t4-es-dc-ufscar-tc/jabRefImproved,1.0,[],2.0
airslie/renalware-core,4.0,"['renal', 'ruby', 'rails']",9.0
t10-es-dc-ufscar-tc/JabRefImproved,1.0,[],1.0
scientist-st/meta-openembedded,0.0,[],1.0
jmartinm/invenio-master,0.0,[],0.0
T1-ES-DC-UFSCAR-TCC/JabRefImproved,1.0,[],2.0
T1-ES-DC-UFSCAR-TA/jabRefImproved,1.0,[],1.0
PyRoOP/open,0.0,[],0.0
AppStateESS/phpwebsite,33.0,[],16.0
luochenUmich/Cake-Hbase,0.0,[],1.0
jonmol60/sickrage,0.0,[],1.0
nupinr/dubase,0.0,[],0.0
wiedi/libvirt,15.0,[],3.0
Sberex/go-sberex,0.0,[],0.0
nupin/dubase,0.0,[],1.0
jd0gisme/runelite,1.0,[],1.0
cloudfoundry/cli-ci,0.0,[],16.0
cloudfoundry/cli,1567.0,"['cloud-foundry', 'cli', 'cloud-foundry-cli', 'cf-cli']",236.0
bjc/prosody,492.0,"['xmpp', 'xmpp-server']",48.0
Franc20/Ayesa_Sap,0.0,[],1.0
zoogaezee/youtubeDL,0.0,[],0.0
thatsdone/cinder,0.0,[],1.0
huyvip03121/vlc-android,0.0,[],0.0
apache/lenya,17.0,['lenya'],8.0
daniellucas/queropresente,1.0,[],1.0
wolfSSL/wolfssl,1164.0,"['ssl', 'tls', 'cryptography', 'security', 'openssl', 'tls13', 'dtls', 'https', 'fips', 'cryptography-api', 'embedded-systems', 'encryption', 'iot', 'tls-support', 'trusted-execution-environment', 'openssl-alternative', 'c-library', 'wolfssl', 'cipher-suites', 'openssl-api']",98.0
divx118/kboot,1.0,[],1.0
Lorquas/cp-test,0.0,[],1.0
candlepin/candlepin,68.0,[],18.0
ua-eas/devops-automation-ksd-kc5.2.1-rice,0.0,[],5.0
pose-dev/poseid,0.0,[],0.0
danielgery/JabRef,1.0,[],0.0
dsanmartins/jabRefImproved,1.0,[],2.0
srikanth0327/college,0.0,[],0.0
hannesdh/bootstraptest,0.0,[],1.0
xiaoqingfengATGH/k5-feeds-freifunk,0.0,[],1.0
lbthomsen/openwrt-freifunk,0.0,[],1.0
freifunk/openwrt-packages,19.0,[],20.0
ionic-os/ionic-freifunk,0.0,[],1.0
signumsoftware/framework,158.0,"['signum-framework', 'react', 'typescript', 'entities', 'linq']",33.0
rsksmart/bitcoin,14.0,[],19.0
dijitalxyz/osKAM,0.0,[],0.0
kuba-moo/claws-mail,0.0,[],1.0
architecture-building-systems/CityEnergyAnalyst,109.0,[],17.0
DraganNSDK/ColossusTest,0.0,[],0.0
unicodeveloper/decorator,4.0,[],1.0
RTS2/rts2,31.0,"['telescope', 'observatory', 'control', 'pointing', 'pyastro17']",26.0
kntem/webdeposit,0.0,[],2.0
pecuniaplatform/Diamond,0.0,[],0.0
SilentSword2020/weex,1.0,[],1.0
sameeragayan/angjs,0.0,[],1.0
BlackFoundryCom/Atma,6.0,[],10.0
wyfish/pytest,0.0,[],0.0
supermario2310/bitcoin,0.0,[],2.0
DGtal-team/DGtal,274.0,"['digital-geometry', 'geometry-processing', 'topology', 'computational-geometry', 'discrete-mathematics']",36.0
zahidaliayub/Diamond-DMD,0.0,[],1.0
payperblock/paybchain,0.0,[],1.0
43622283/yuzu,0.0,[],0.0
kushnirenko-remme/core,0.0,[],0.0
Mightyjo/lulzbot_marlin.1,0.0,[],2.0
nishantverma160380/Spring-Cloud-Tutorial,1.0,[],1.0
apache/maven,2601.0,"['maven', 'java', 'build-management', 'apache-maven']",208.0
achut-babu/newsample,0.0,[],1.0
RuchikaL11/sonar_maven_long,0.0,[],1.0
vamshi5590/newsample,0.0,[],1.0
praveensinghdsm/maven,0.0,[],0.0
70Song/Maven-Song,0.0,[],1.0
MooleMuraliDharaReddy/maven-example,0.0,[],1.0
srujantata/Maven-Test-Project,0.0,[],1.0
arjun221-bot/MavenRepo,0.0,[],1.0
MooleMuraliDharaReddy/imported-maven-project,0.0,[],1.0
Avinash-p33/mavenProject,0.0,[],0.0
RuchikaL11/maven,0.0,[],1.0
jeremie-koenig/hurd,5.0,[],3.0
azaratem/alf,0.0,[],0.0
semantic-machines/veda,25.0,"['veda', 'storage', 'javascript', 'ontology', 'xapian', 'enterprise-software', 'platform', 'rust-lang', 'tarantool']",12.0
dehesselle/jhbuild,0.0,[],1.0
zhaomaoer/nodebb,0.0,[],1.0
tsschmidt/cas-management,0.0,[],1.0
diegonc/console-xkb-support,0.0,[],1.0
taqen/ns-3-itetris,1.0,[],0.0
papyrusglobal/papyrus,2.0,[],6.0
aembleton/cinamp,0.0,[],1.0
ag-python/lollipop_PyGObject,0.0,[],0.0
smagill/apache-maven,0.0,[],1.0
mguzman16/ecommerce,0.0,[],1.0
situationsarchive/providence,0.0,[],0.0
lenxvp/pdfium,0.0,[],1.0
MuckRock/muckrock,87.0,"['muckrock', 'foia', 'python', 'django']",15.0
dcadams/cisco_configuration,0.0,[],1.0
melpa/melpa,2208.0,[],92.0
gnosius/collection,0.0,[],0.0
bitspill/slr-copay,1.0,[],2.0
NVSL/NOVA-ltp,0.0,[],18.0
dailei0510/eos,0.0,[],0.0
vijou2/rage,0.0,[],0.0
m4rvin/Mesos_DRFH,0.0,[],1.0
tahirrrhassan/RoundcubeWebSuite,0.0,[],0.0
Look4deepak/Bootstrap,0.0,[],1.0
jack-kim/EOSIO,0.0,[],0.0
nadeermalangadan/pdfjs_old,0.0,[],0.0
panghalamit/go-ethereum,0.0,[],1.0
hongxinli/bookstrap,0.0,[],0.0
bhanuraina/azure-pipelines-tasks,0.0,[],1.0
chinnadhurai/block_rnn,0.0,[],1.0
hemanthkumarsa13/test,0.0,[],2.0
elBukkit/MagicPlugin,120.0,"['spigot', 'spigot-plugin', 'spigot-server', 'java', 'minecraft', 'minecraft-server', 'nathanwolf-magic-plugin']",20.0
Mozl/juice-shop,0.0,[],2.0
AvaloniaUI/Avalonia,11421.0,"['c-sharp', 'xaml', 'multi-platform', 'gui', 'avalonia', 'avaloniaui', 'cross-platform', 'dotnet', 'dotnetcore', 'user-interface', 'csharp', 'cross-platform-xaml']",441.0
su2code/SU2,762.0,"['cfd', 'c-plus-plus', 'simulation', 'optimization', 'python', 'opensource', 'physics', 'flow', 'fluid', 'fluid-dynamics', 'hpc']",176.0
VijayEluri/coding-dojo,0.0,[],0.0
Phil-LiDAR2-Geonode/pl2-geonode-2.6,0.0,[],6.0
smtcrms/jekyll,0.0,[],0.0
genestudio/enterprise,0.0,[],0.0
sergiodctest/reactclone,0.0,[],0.0
atu-328/farmanimal,0.0,[],0.0
Khadkabogati/apache-maven,0.0,[],1.0
Zacharyharu/bootstrap,0.0,[],1.0
oncewang/hive,0.0,[],0.0
larskotthoff/claws-mail,0.0,[],1.0
mclown/linux-test-project,0.0,[],1.0
Ramsey-B/space-game,0.0,[],0.0
guillemj/dpkg,28.0,"['c', 'perl', 'c-plus-plus', 'package-manager', 'deb']",3.0
pangxudong/horizon,0.0,[],0.0
poly-log8430/jabref-analysis,1.0,[],3.0
SilkNetwork/Silk-Core-Azure-Quickstart,0.0,[],2.0
SilkNetwork/DarkSilk-Core-Azure-Quickstart,0.0,[],2.0
protectivedad/uclibc-ng,0.0,[],1.0
listedlinked/superbee,0.0,[],0.0
dboylq/uclibc-ng,0.0,[],1.0
midnight-miner/LasVegasCoin,0.0,[],1.0
kraj/uclibc-ng,7.0,[],5.0
kalray/uclibc-ng,1.0,[],7.0
takeharukato/uclibc-ng,0.0,[],1.0
shibajee/uclibc-ng,0.0,[],1.0
wbx-github/uclibc-ng,64.0,[],11.0
Crestington/MotaCoinRevamp,0.0,[],1.0
vadivelselvaraj/TulipGLImprovement,1.0,[],1.0
listedlinked/newsvn,0.0,[],0.0
listedlinked/Redcoin,0.0,[],0.0
OISF/suricata,2011.0,"['security', 'ids', 'ips', 'nsm', 'network-monitoring']",163.0
MalakhatkoVadym/suricata-hassh,0.0,[],1.0
keenetic/uClibc-ng,0.0,[],6.0
listedlinked/amster,0.0,[],1.0
PCCSChain/PCCSChain,0.0,[],1.0
listedlinked/tesla,0.0,[],0.0
peterrrre/hisfd,0.0,[],1.0
zahidaliayub/ColossusCoinXT,1.0,[],4.0
slingcoin/sling-market,0.0,[],4.0
Beyond-simplechain/etherself,0.0,[],0.0
hmunduri/openshift-ansible,0.0,[],1.0
mvali95/hashicorp,0.0,[],1.0
CA-IRIS/mn-iris,2.0,[],2.0
delmic/odemis,25.0,"['python', 'microscopy']",10.0
php2go/taoshaoye.github.io,1.0,[],1.0
lorenzo-deepcode/react,0.0,[],0.0
lym953/15721-p3,1.0,[],2.0
chinnamajay/maven-jenkins,0.0,[],0.0
8thcolor/eurucamp2014-htdsadr,1.0,[],3.0
8thcolor/rubyconfau2015-sadr,0.0,[],2.0
sbkolate/jacfrappe,0.0,[],1.0
kaplun/ops,0.0,[],0.0
Illyism/pdf.js,1.0,[],0.0
Activiti/Activiti,7804.0,"['java', 'bpm', 'spring', 'cloud', 'microservices', 'business-process', 'activiti', 'product-activiti', 'bpmn']",661.0
shubhamsetia681/serverless,0.0,[],0.0
FALL1N1/hachasydados-core,0.0,[],1.0
svn2github/autowikibrowser,0.0,[],1.0
szumbrunn/onos,0.0,[],1.0
Ultimate-Hosts-Blacklist/BadIPs.com_Level_4,1.0,[],4.0
gojoychain/go-geth,1.0,[],0.0
start-jobs/laravel-framework,0.0,[],10.0
whenjs/react-annotation,0.0,[],0.0
ngageoint/hootenanny-ui,24.0,[],43.0
ShieldCoin/electrum-xsh3,1.0,[],1.0
t3LLer/uyuyuy,0.0,[],1.0
SRLJustin/RUNELIGHT-1,0.0,[],0.0
GabitaP/P4,0.0,[],1.0
pfalcon/pycopy,645.0,"['micropython', 'micropython-ports', 'python', 'embedded', 'iot', 'unbloated', 'minimalist', 'minimalistic', 'suckless', 'pycopy']",29.0
kulapio/go-ethereum,0.0,[],2.0
barraudl/wip-fty-rest,0.0,[],1.0
vivekanand1101/Cura,0.0,[],2.0
mihaibroc/neutron,0.0,[],0.0
omirajkar/frappe7,0.0,[],0.0
himanshuchawla009/jingsfork,0.0,[],1.0
GlideX/packages,1.0,[],2.0
shlomif/fc-solve,36.0,"['freecell', 'freecell-solver', 'solitaire', 'patience', 'game', 'games', 'card-game', 'cards', 'c', 'ansic', 'opensource', 'foss', 'floss', 'freesoftware', 'mit-license', 'hacktoberfest']",9.0
sunzhu/showtime_zh,2.0,[],3.0
keyvan-m-sadeghi/farsi-jekyll-blog,5.0,[],1.0
diddipoeler/sportsmanagement,21.0,[],19.0
peterrrre/dimension,0.0,[],1.0
jahangir091/geodash26,0.0,[],2.0
StreamsTech/GeoDASH26,0.0,[],4.0
aferenci86/machineJS,0.0,[],1.0
a307234/lxrtest,0.0,[],0.0
TomMD/naver-pinpoint,0.0,[],1.0
SuperShan0926/xinyeniubi,0.0,[],1.0
NESTchain/eos_afl_fuzzy,1.0,[],3.0
sagarpant1/cppcheck,0.0,[],1.0
NAXKX11/azure-sdk-for-net,1.0,[],1.0
EstebanBolivar2021/EB,0.0,[],1.0
hidayath-ispace/azure-sdk-for-net,2.0,[],2.0
Cyber2020/c2020-Radare2,0.0,[],15.0
KittenBot/micropython_meowbit,18.0,[],5.0
probcomp/Venturecxx,24.0,[],12.0
Azure/azure-sdk-for-net,2402.0,"['azure', 'azure-sdk', 'microsoft', 'c-sharp', 'swagger', 'hacktoberfest']",1203.0
deolgurpreet/apache-usergrid-,0.0,[],1.0
apache/incubator-mxnet,19499.0,['mxnet'],1120.0
hust-wuwechao/mxnet_888888888,0.0,[],1.0
hust-wuwechao/mxnet_share_327_330,1.0,[],0.0
cadiegail/sbm,0.0,[],0.0
amikey/subtitleedit_new,0.0,[],1.0
ckayun/Avalonia,0.0,[],1.0
garlicoin-project/garlium,16.0,[],2.0
socmov/uxdxconf,0.0,[],1.0
iluxa-com/mercurial-crew-tonfa,0.0,[],1.0
Ethersocial/multi-geth,0.0,[],0.0
cnsuhao/ravl,0.0,[],1.0
TP-Lab/enumivo,0.0,[],6.0
vit-iacp-dvo-ru/swot,0.0,[],0.0
vit-iacp-dvo-ru/jswot,0.0,[],1.0
zahidaliayub/AmsterdamCoin-v4,0.0,[],1.0
zahidaliayub/AmsterdamCoin-AMS,0.0,[],1.0
bitkeeper-scm/bitkeeper,301.0,[],32.0
jHarish1222/rajkiran,0.0,[],0.0
TU-Berlin-DIMA/sage-flink,0.0,[],17.0
xproax/FreeRDP,0.0,[],0.0
Jolicloud/packagekit,1.0,[],15.0
splitbrain/dokuwiki,3162.0,"['wiki-engine', 'php', 'dokuwiki', 'wiki']",175.0
glandir/ExaHyPE-Engine,0.0,[],2.0
TangoCash/oscam,0.0,[],3.0
pinkflozd/oscam2,0.0,[],1.0
aurusov/rdo_studio,7.0,[],4.0
sghcel1985/TrinityTBC-2.3.4,1.0,[],2.0
dhirajwth/vue-storefront,0.0,[],1.0
macizomedia/vue-store,0.0,[],0.0
huaiyukhaw/vue-storefront,0.0,[],1.0
aris-creator/vue4,0.0,[],1.0
snilesh97/vue-storefront,0.0,[],1.0
Ameer580/TmVuestore,0.0,[],0.0
shubham0503/demo,0.0,[],1.0
bjoernkneisel/vue-storefront,0.0,[],1.0
VelssLacis/vue-faq,0.0,[],1.0
Sergey-Kabak/storefront,0.0,[],1.0
vuestorefront/vue-storefront,8566.0,"['vue-storefront', 'pwa', 'headless', 'vue', 'ecommerce', 'magento', 'storefront', 'mobile', 'e-commerce', 'nuxt', 'magento2', 'shopware', 'shopify', 'commercetools', 'vue3', 'open-source', 'typescript', 'hacktoberfest', 'headless-commerce', 'ecommerce-platform']",287.0
inception-project/inception,289.0,"['annotation-tool', 'active-learning', 'entity-linking', 'java', 'annotation-editor', 'uima', 'sparql']",14.0
alexdongli0829/hive-2.2.0-src,0.0,[],0.0
hust-wuwechao/mxnet_20191220,0.0,[],1.0
landcreator/ebos,1.0,[],0.0
hust-wuwechao/Mxnet2020V2,0.0,[],1.0
boscore/ibc_plugin_bos,6.0,[],2.0
blockstack/stacks-blockchain,2393.0,"['blockstack', 'blockchain', 'bitcoin', 'storage', 'identity', 'dns', 'apps', 'decentralized', 'serverless', 'rust']",191.0
blockstack/gh-action-testing,0.0,[],6.0
AYCHDeveloper/Blockstack,0.0,[],0.0
wagerr/Wagerr-Electrum,0.0,[],2.0
uas-at-ucla-dependencies/libgphoto2,0.0,[],0.0
wagerrdeveloper/WagerrElectrum,0.0,[],2.0
uas-at-ucla-dependencies/socket.io-client-cpp,0.0,[],0.0
alexrequeni81/pdf_test,0.0,[],0.0
Lucaabergo6710/SU2_7.0.0,0.0,[],1.0
monika1387/SU2_FWH,0.0,[],1.0
Nirchains/fide-frappe,0.0,[],1.0
Lucaabergo6710/myles,0.0,[],1.0
stain/jdk8u,0.0,[],1.0
litoeknee/tensorflow,1.0,[],2.0
BookOwl/freeciv,0.0,[],1.0
jason201902/apollo,0.0,[],1.0
ruhrho/SIckRage,0.0,[],1.0
Microsoft-CISL/hadoop-prototype,3.0,[],10.0
angasreid/FossaReactCI,0.0,[],1.0
TheBauwssss/SickRage-Mirror,0.0,[],1.0
HaitiData/GeoNode,0.0,[],1.0
oussamaoues2017/meta-openembedded2,0.0,[],1.0
VinayPuvvala/Sample,0.0,[],1.0
kintoe2e/charts-1,0.0,[],1.0
sjfbjs/maven-jenkins-git,0.0,[],0.0
LIMXTEC/electrum-btx,6.0,[],4.0
aelarabawy/ns3-dev,0.0,[],1.0
MJRuffDevelop/Micropython,0.0,[],1.0
indictranstech/goldenwave-frappe,0.0,[],6.0
teamfx/openjfx-9-dev-rt,1.0,[],3.0
xproax/bitkeep,1.0,[],1.0
EvalRaman/dockuwiki,0.0,[],1.0
KaihaoBai/mxnet_autoclip,0.0,[],2.0
solariumvr/mason-flutter,1.0,[],2.0
yusiwen/mpd,0.0,[],1.0
openhpc/ohpc,563.0,"['hpc', 'scientific-computing', 'package-repository', 'clusters-management', 'devtools', 'mpi', 'linuxfoundation']",93.0
nguyenbatam/fork-tomochain,0.0,[],1.0
ahmedbodi/Terracoin-CRW,0.0,[],1.0
bitstar/bitstarV2.5,1.0,[],2.0
microsoft/MixedRealityToolkit-Unity,4382.0,"['holotoolkit', 'holotoolkit-unity', 'mixed-reality', 'hololens', 'mixedrealitytoolkit', 'mrtk', 'openvr', 'mixedrealitytoolkit-unity', 'unity']",423.0
zhuxlproject/linux-test-project,0.0,[],1.0
cspiegel/mpd,0.0,[],1.0
botpress/botpress,9236.0,"['chatbot', 'bot', 'botpress', 'bot-framework', 'sdk', 'bot-builder', 'microsoft-bot-framework', 'botkit', 'botkit-bots', 'bots', 'conversation', 'conversational-ui', 'nlu', 'nlp', 'luis', 'machine-learning-algorithms', 'chatbot-framework', 'chatbots', 'conversational-ai']",218.0
niubin261/onos,0.0,"['onos', 'niubin', 'pof']",0.0
girving/wordpress,1.0,[],2.0
Toysoft/oscam,0.0,[],1.0
mhennerich/buildroot,3.0,[],3.0
cpuchain/electrum-cpu,2.0,[],1.0
mghoneem10/mycilek1,0.0,[],1.0
Orgn1/Apache-Maven,0.0,[],0.0
vdeluca/tesis,0.0,[],1.0
seldary/mypinpoint,0.0,[],1.0
Rufus31415/MixedRealityToolkit-Unity-WebGL-Hololens2-Simulator,0.0,[],1.0
doc22940/Dokuwiki,0.0,[],1.0
xieran1988/buildroot,1.0,[],1.0
Toysoft/oscam_13June2019,0.0,[],0.0
edigikishore/apache_mvn,0.0,[],0.0
vapory-staging/go-ethereum,0.0,[],1.0
vanduc95/Horizon-Openstack,0.0,[],1.0
sagar30051991/k_frappe,0.0,[],1.0
openmus/oscam,0.0,[],2.0
fujicoin/electrum-fjc,1.0,[],1.0
sagar30051991/kalashetra-frappe,0.0,[],1.0
blthree/pycopy,0.0,[],0.0
ndechesne/buildroot,3.0,[],2.0
vmpn/coreboot,0.0,[],2.0
gitlabhq/omnibus-gitlab,162.0,[],50.0
facundofierro/vue-storefront,1.0,[],2.0
masterofmagento/vue-storefront,0.0,[],1.0
braindev323/vue-store-front-s,0.0,[],1.0
braveheart12/tomochain-27-10-19,0.0,[],2.0
ranneen/electrum,0.0,[],1.0
olzhabay/presto,0.0,[],1.0
svitlana-ruda/smartportofoon-vue-storefront,0.0,[],0.0
fhunleth/buildroot-pc-dhcpserver,1.0,[],1.0
sdelafond/lintian,0.0,[],0.0
wowtbconline/TBC_New1,0.0,[],1.0
wowtbconline/TBC_New,3.0,[],4.0
FALL1N1/TBC_New,5.0,[],5.0
wowtbconline/tbc,0.0,[],1.0
SunstriderEmu/sunstrider-legacy,21.0,[],7.0
rickyHong/DynamicSDist,0.0,[],2.0
mikepsinn/qm-ionic-quantimodo,0.0,[],1.0
froofles/Exodus,0.0,[],1.0
ithinkihaveacat/beebo-bootstrap,0.0,[],2.0
ngscript/caucho-mirror,0.0,[],2.0
shadowofsilicon/Rubberduck,2.0,[],0.0
groatmaker/groat-cave,0.0,[],1.0
alexandarnavarro/Reactjs,0.0,[],1.0
mcarbonneaux/caucho-resin-svn-import,0.0,[],1.0
codeRK111/storefront,0.0,[],1.0
cvrebert/rorschach-test,1.0,[],3.0
zakerayasmeen/new-repo,0.0,[],0.0
duvallee/drone_fc_cleanflight,0.0,[],1.0
kiranchowdary/jenkinstest,0.0,[],1.0
mapnik/python-mapnik,127.0,[],21.0
EDXFund/MasterChain,2.0,[],1.0
OneClean/One-Clean,0.0,[],0.0
rraihan/maven,0.0,[],0.0
nanditav/15712-TensorFlow,0.0,[],2.0
akrlfix/cleanflight,0.0,[],1.0
ankur-gupta91/horizoncinder,0.0,[],1.0
martint028/fulldays,0.0,[],1.0
gwendoline-goetz/gnutls,2.0,[],1.0
delphix/grub2,0.0,[],14.0
zhaoguoquan94/optimizerproject,1.0,[],1.0
dev1972/Satellitecoin,0.0,[],0.0
briangdd/sickrage,0.0,[],1.0
chain2/chain2,3.0,[],3.0
playframework/playframework,11912.0,"['scala', 'java', 'reactive', 'web-framework', 'restful', 'play', 'playframework', 'jvm', 'framework', 'webapps', 'hacktoberfest']",699.0
haroldzmli/mapnik-python,1.0,[],1.0
ludwikbukowski/fake_mongoose,0.0,[],1.0
CvH/ossss,1.0,[],2.0
HiPrecy/Marlin-1.x-HiPrecy-LEO,0.0,[],1.0
ks1crt/MixedRealityToolkit,0.0,[],1.0
darroughw/react,0.0,[],1.0
cobwebos/SD-Maven,1.0,[],0.0
nickersk/oscam,0.0,[],1.0
noobaa/noobaa-core,137.0,"['noobaa', 'kubernetes', 'openshift', 'hybrid', 'multi-cloud', 'data', 'storage', 's3', 'tiering', 'mirroring']",16.0
IntegratedBreedingPlatform/Middleware,1.0,[],24.0
UNCC-OpenProjects/Phabricator,0.0,[],2.0
rnithish/MyOpenGit,0.0,[],1.0
pankajarora12/SparkNew,0.0,[],1.0
pigadmin/vlc,0.0,[],1.0
vwasm/go-ethereum,0.0,[],1.0
Toysoft/oscam_11611,0.0,[],1.0
vmluan/configuration,0.0,[],1.0
stffrdhrn/uclibc-ng,0.0,[],1.0
hiteshtrivedi1791/hitesh,0.0,[],0.0
FH-Complete/FHC-Core,13.0,[],17.0
PK143143/parent,0.0,[],0.0
Meghashyam22/Repo2,0.0,[],1.0
flydoveli/test,0.0,[],1.0
RohitDemo/GHAS-Demo,0.0,[],0.0
RonSeekers/activemq,0.0,[],1.0
sho25/activemq,0.0,[],1.0
nikosnikolaidis/activemq,0.0,[],1.0
wavesplatform/WavesGUI,415.0,['waves'],87.0
apache/activemq,1906.0,"['network-server', 'python', 'activemq', 'c', 'ruby', 'cplusplus', 'network-client', 'perl', 'java', 'csharp', 'php']",202.0
qinwang/vlc-android,1.0,[],1.0
armando7santana/hashicorp-vagrant,0.0,[],1.0
swaaaager/ghost,0.0,[],1.0
TLcorp-201/KnowledgeBlogGhost,0.0,[],2.0
WhitePrime/ghost,0.0,[],1.0
4drant/ghost,0.0,[],1.0
cyberno1/cybernosite,0.0,[],1.0
arokapil/CKMKB,0.0,[],1.0
jvkiran/seoexpert-on-heroku,0.0,[],1.0
sjsumitjangir007/ghost,0.0,[],1.0
lucaseugenio/ghost,0.0,[],1.0
MarkStruik/Ghost,0.0,[],0.0
Saigara/Ghost,0.0,[],1.0
pramod529/gs-spring-boot-master,0.0,[],1.0
devirp/maven1,0.0,[],1.0
rawsludge/ardupilot,0.0,[],1.0
sreesan/maven,0.0,[],0.0
Cacti/cacti,1120.0,"['cacti', 'graph', 'cacti-community', 'rrdtool', 'php', 'network-discovery', 'data-gathering', 'rrd-files', 'graph-templating', 'cacti-framework']",117.0
RAMIREDDYSOMULA/maven21,0.0,[],0.0
vaginessa/MPC-HC-adipose,0.0,[],1.0
Narendra8659/Test-Lock-Branch,0.0,[],0.0
sreehari20/Maven,0.0,[],0.0
RAMIREDDYSOMULA/maven,0.0,[],0.0
madwings/InsaneDB,0.0,[],1.0
insofter/buildroot,0.0,[],2.0
nateknight/arducopter,0.0,[],1.0
zaigor2/meta-openembedded,0.0,[],0.0
braveheart12/tomochain-v1.5,0.0,[],1.0
cuidadoso/tuturials,3.0,[],1.0
Pav777/hydnora,0.0,[],0.0
goalhub/mvn-repo,3.0,[],5.0
certik/q-e,0.0,[],2.0
braveheart12/tomochain,0.0,[],0.0
alessandrokonrad/brave-core-godot,0.0,[],1.0
Jmata27/PdfView,0.0,[],0.0
braveheart12/tomochainfull,0.0,[],0.0
dejanr/HEVO-Marlin,0.0,[],1.0
hungbang/jsm_tomee_example,1.0,[],2.0
kayen/kayen,3.0,[],1.0
bharath12b5/jenkinsss,0.0,[],0.0
CETIBOX-Base/meta-openembedded,0.0,[],1.0
navikt/stelvio,0.0,[],11.0
PCLC7Z2/apollo,0.0,[],0.0
pocker/tevo-tarantula-marlin,0.0,[],1.0
gnachman/iTerm2,11220.0,[],259.0
azhao12345/mpc-hc,0.0,[],1.0
SnarkNetwork/geth-sharding,0.0,[],1.0
hoseinj/bigats,0.0,[],0.0
alexredondosk8/saleor,1.0,[],1.0
markramm/juju-core,0.0,[],1.0
jpetrocik/Marlin,0.0,[],1.0
summer-wu/WeexPlayground,1.0,[],0.0
twolab2019/micropython-into-mt7697,3.0,"['micropython-ports', 'microcontrollers', 'python3', 'micropython-boards', 'micropython-mt7697', 'mt7697']",1.0
LZDOscar/go-ethereum-reputation_layer,1.0,[],1.0
CrazyPolishGuy/bootstrap_tut,0.0,[],1.0
JakubVanek/marlin-aneta8,0.0,[],2.0
fdxmslx/test,0.0,[],0.0
adamjansen/meta-openembedded,0.0,[],2.0
deadpoolcode1/appcard_meta-openembedded,0.0,[],1.0
SergiuTripon/bsc-dissertation-student-portal,0.0,"['dissertation', 'website', 'portal']",1.0
rickyHong/SparkDist,0.0,[],1.0
werbug/ant-design,0.0,[],0.0
yunglechao/mxnet,0.0,[],0.0
Xharlie/hbase_enhancement,0.0,[],1.0
plymouthstate/mahara,2.0,[],8.0
user135711/vlc-android,0.0,[],0.0
DINGDAMU/onos,0.0,[],1.0
bisq-network/bisq,3572.0,"['bisq', 'p2p', 'bitcoin', 'exchange', 'java']",261.0
AYCHGIT/aex,0.0,[],0.0
jschwartzenberg/openjfx8,10.0,[],0.0
appearagain/Marlin,0.0,[],1.0
autonumous/MarlinFirmware-Ender3Pro,1.0,[],0.0
organom/Marlin-1.1.x,0.0,[],2.0
Edie47/Marlin_Dondolo,0.0,[],1.0
sunandanababu/apache,0.0,[],0.0
medic/cht-core,367.0,"['medical', 'couchdb', 'javascript', 'phone', 'mobile', 'health', 'mhealth', 'ehealth', 'pouchdb', 'hacktoberfest', 'cht']",53.0
a1ive/grub,86.0,"['grub', 'grub2']",13.0
Xilinx/meta-openembedded,3.0,[],7.0
defconfurs/micropython-dc27,2.0,[],3.0
rexkerccu/openmctest,0.0,[],1.0
jfzanato/blog,0.0,[],1.0
openmc-dev/openmc,329.0,[],74.0
GeoDASH/GeoDASH.gov.bd,1.0,['python'],5.0
pinkflozd/oscam-emu,0.0,[],1.0
narurien/ganeti-ceph,0.0,[],1.0
apache/accumulo,873.0,"['accumulo', 'big-data', 'hacktoberfest']",88.0
pop-os/gdm3,3.0,[],11.0
gbeauchesne/mpfr,0.0,[],1.0
archilogic-com/custom-three.js,1.0,[],8.0
thepurpleblob/Mahara,1.0,[],1.0
KnightsofGod/ReactTest,0.0,[],1.0
pdf/libvirt,2.0,[],2.0
JetBrains/jdk8u_jfx,4.0,[],12.0
akumetsuv/gitlab,0.0,[],1.0
yottachain/YTBP,10.0,[],10.0
zubata88/dpkg,0.0,[],1.0
quodlibet/quodlibet,962.0,"['music-player', 'python', 'music-library', 'music']",52.0
zatchgordon/webGL,0.0,[],1.0
missingdays/three.js-amd,0.0,[],1.0
klenergy/pyloncoin,6.0,[],4.0
ramseylab/regshape,4.0,[],2.0
gigiyueyue/mxnet,0.0,[],1.0
Vijaypunugubati/fabric-circle,0.0,[],0.0
sja115/maven,0.0,[],0.0
OPNids/core,33.0,[],4.0
ivanovp/Marlin_CoreXY,0.0,[],1.0
shaya-arshadi/bitcoin_Shaya_custom,0.0,[],1.0
bitcoinxt/bitcoinxt,416.0,[],70.0
Harold-the-Axeman/go-dacc,1.0,[],1.0
holograph/maven,0.0,[],0.0
jiekang/openjfx-8u-dev,0.0,[],2.0
IceSoulHanxi/OpenJFX-8uDev-Rt,1.0,[],0.0
lchl7890987/WebGL,0.0,[],1.0
andyzsf/django-cms,0.0,[],1.0
vinss1/maven,0.0,[],1.0
cttestid41/Apache_Maven,0.0,[],0.0
Alignak-monitoring/alignak,84.0,"['python', 'monitoring-server', 'monitoring', 'nagios']",10.0
shrinivas-kulkarni/alfresco-repository-plus,0.0,[],0.0
z3usleo/core,1.0,[],1.0
alhowaidi/cvmfsNDN,0.0,[],1.0
Odisurin/Star-Wars-Legends-13,1.0,[],2.0
jjkavalam/pdf.js,0.0,[],1.0
Ghaker/hohd-maven,0.0,"['fork', 'form']",1.0
endingly/ns-3-win2,0.0,"['network-simulator', 'mirror', 'ns-3']",0.0
ichengzi/ns3-learn,0.0,[],1.0
UBERTC/mpfr,1.0,[],2.0
rzarref/maven,0.0,[],1.0
vedmishr/demo1,0.0,[],0.0
crate/crate,3105.0,"['db', 'sql', 'shared-nothing', 'java', 'distributed', 'database', 'cluster', 'iot', 'cratedb', 'distributed-database', 'iot-database', 'iot-analytics', 'industrial-iot', 'historian', 'olap', 'big-data', 'dbms', 'analytics', 'scada', 'time-series']",172.0
KSR-Yasuda/meta-openembedded,0.0,[],0.0
arcsengu/archis,0.0,[],0.0
prekjain/preksha,0.0,[],0.0
sripalreddyy/maven,0.0,[],0.0
wojesen/springboot,0.0,[],1.0
SidRoy10/sidrepository,0.0,[],0.0
chenqinglang/esp32_test,0.0,[],1.0
alterapraxisptyltd/lenovo-g505s,0.0,[],2.0
arcsengu/archis12,0.0,[],0.0
vkatkar07/varsha,0.0,[],0.0
vkatkar07/Demo3,0.0,[],0.0
isaacl/openjdk-jdk,0.0,[],0.0
jeffontenot/bitcoin,0.0,[],0.0
RajeshKumarSrivastava/Apache,0.0,[],0.0
AppScale/gts,2417.0,[],159.0
ethereumtiger/ethereumtiger,1.0,[],0.0
blthomasson/ebizzy,0.0,[],1.0
nsat/meta-openembedded,0.0,[],28.0
danstowell/SuperCute,1.0,[],1.0
Dattatech/frappetest,0.0,[],1.0
grawity/code,65.0,"['dotfiles', 'kerberos', 'x11']",5.0
ndmsystems/uClibc-ng,0.0,[],14.0
racin/go-ethereum,0.0,[],0.0
dgdell/oscam,0.0,[],1.0
txusballesteros/Anycubic_Kossel,2.0,[],2.0
lijianxing123/hive,0.0,[],0.0
zhujzhuo/tensorFlow,0.0,[],1.0
romeojulietthotel/claws,0.0,[],0.0
spkansas/cmangos_pbot,2.0,[],3.0
gridgentoo/chef-server,0.0,[],0.0
glenstarchman/spark,0.0,[],1.0
infertux/bitcoinclassic,0.0,[],2.0
jahangir091/geodash,0.0,[],1.0
stahta01/codeblocks_svn2git_https_metadata,0.0,[],1.0
AmoebaTeam/go-amoeba,0.0,[],1.0
telefonicaid/fiware-orion,145.0,"['fiware-ngsi', 'fiware-orion', 'fiware', 'orion-context-broker', 'context-information-management', 'data']",42.0
brgl/uclibc-ng,2.0,[],2.0
skyapus/sparkAnn13,0.0,[],1.0
yakush/Marling-1.1-YAK-ender3,0.0,[],1.0
hackspotelab/jrkll,0.0,[],0.0
leedonghn4/cbio-portal-webgl,1.0,[],1.0
yanyinhome/go,0.0,[],0.0
rcmonitor/marlin_1_1_x,0.0,[],1.0
brycethomsen/marlin-mksv2,1.0,"['mksv2', 'wanhao-duplicator-i3', 'monoprice-select-2', 'monoprice-maker-select-v2', '3d-printing', 'marlin-firmware']",1.0
megamih/Marlin_Vector,0.0,[],1.0
Palpid/StaticBoard_Anet,0.0,[],1.0
tonyj321/Marlin-1.1.9,0.0,[],1.0
chvink/kilomek,0.0,[],1.0
alexgrahn/marlin-renkforce-rf100,0.0,[],2.0
prabhat2410/Orion2.2.0,0.0,[],1.0
yavordev/React-S,0.0,[],0.0
wangtian-work/React,0.0,[],0.0
dzervas/Marlin_myEnder3,0.0,[],1.0
becikagaz/marlinfw20190914,0.0,[],1.0
felixgonschorek/Marlin,0.0,[],2.0
John-Tonny/electrum-syscoin,0.0,[],0.0
Ultimedia/3akai-UX-Vanilla,1.0,[],1.0
Seashan/reactNew,0.0,[],1.0
elkarto91/fabric,0.0,[],0.0
golemfactory/golem,3.0,[],5.0
AbinMM/bitpay_bitcoin_0.12,0.0,[],0.0
AbinMM/Bitcoin_bitpay_0.12.1.4,0.0,[],0.0
lupael/cacti,1.0,[],1.0
grishamjindal/oppia,0.0,[],0.0
LambdaHack/LambdaHack,454.0,"['game', 'engine', 'library', 'roguelike', 'haskell', 'squad', 'tactical', 'turnbased', 'ascii', 'browsergame', 'html5', 'sdl', 'freesoftware', 'pcg', 'replayability', 'indiedev', 'gamedev']",23.0
victoredwardocallaghan/m5a99fx,0.0,[],1.0
shadowuz/FFXIREFORGED,0.0,[],1.0
ngugi/stable_geonode2,0.0,[],1.0
stahta01/codeblocks_https_metadata,0.0,"['codeblocks', 'ide']",1.0
angelzaba7/ethereum,0.0,[],1.0
Silver924/Diamo,0.0,[],1.0
tiputti/Cheridoudou1,0.0,[],0.0
lym953/15721-p2,0.0,[],3.0
dan1/horizon-x509,0.0,[],2.0
joansmith/jackrabbit-oak,0.0,[],1.0
TerraMA2/terrama2,26.0,"['gis', 'monitoring', 'terrama2', 'terralib']",15.0
Nov11/15-721,0.0,[],1.0
imxiangpeng/catapult,0.0,[],1.0
DarkCaster/MarlinFirmware-1.1.x-Custom,0.0,[],1.0
taqen/ns-3-contiki,0.0,[],1.0
xeniabeania/jekyll-aws,0.0,[],2.0
textpattern/textpattern,616.0,"['cms', 'content-management', 'php', 'textpattern', 'platform', 'content-management-system', 'cmf', 'cms-framework']",43.0
Louzen/fabric,0.0,[],0.0
JamesChoe/solidity_1,0.0,[],0.0
crypt0rick/liberta,0.0,[],0.0
rudreshsolanki97/XDCChain,0.0,[],0.0
sixgunsean/vvvvvvvvvvvv,0.0,[],1.0
facebook/litho,7187.0,[],182.0
teikjun/litho-deploy,0.0,[],1.0
fusionsupervision/fusionsupervision-engine,0.0,[],1.0
zhushengkuan/apollo3,0.0,[],0.0
oclyke/multipython-archive,0.0,[],1.0
SMBXon/darkplaces,2.0,[],1.0
espressif/openocd-esp32,185.0,[],35.0
foss-for-synopsys-dwc-arc-processors/uClibc,4.0,[],21.0
sec-bit/solidity-safe-subset,1.0,[],2.0
triacoin-project/triacoin,0.0,[],1.0
Toysoft/oscam-11420,0.0,[],1.0
zwssd/supertux,0.0,[],0.0
gkroch/mbed-os,0.0,[],2.0
mrstig/maven,0.0,[],1.0
ShaolinDeng/luci,0.0,[],1.0
JoshuaEldridge/Marlin-Greenlantern,0.0,[],1.0
alexnv/anycubic_chiron_marlin,0.0,[],1.0
cappuccino/cappuccino,2177.0,[],73.0
process-engine/bpmn-studio,56.0,"['bpmn-studio', 'bpmn', 'process-engine', 'workflow-engine', 'electron', 'aurelia', 'typescript']",8.0
Globalchain01/Globalchain,0.0,[],1.0
grapefruitofwbb/go-ethereum,0.0,[],0.0
kamahat/Marlin-Conf,0.0,[],1.0
sabini-dev/bootstrap-1ef5f5e86e,0.0,[],1.0
gooroom/dpkg,0.0,[],1.0
ashraj78/AzureTemplates,0.0,[],1.0
sabini-dev/bootstrap-0af5279494,0.0,[],1.0
sabini-dev/bootstrap-624515b2b8,0.0,[],1.0
el-kortito/vlc-android-sahre2stream,0.0,[],0.0
impactdialing/impactdialing,11.0,[],1.0
pjotrp/EMBOSS-biolib,5.0,[],2.0
cragis/McM_Marlin119,0.0,[],1.0
therealtylerwells/easier-geth,0.0,"['geth', 'ethereum-network', 'private-ethereum-blockchain']",1.0
zjuwzp/go-eterthe-reading,0.0,[],0.0
GlennHoran/MarlinForCTCPrusaI3,0.0,[],0.0
debjava/dbeaver,0.0,[],1.0
PKU-Blockchain/jahoo-go-ethereum,0.0,[],2.0
deepaksingh1/DBeaver,0.0,[],0.0
pumukit/PuMuKIT,19.0,"['pumukit', 'symfony', 'video', 'media', 'multimedia', 'processing-video', 'media-platform']",5.0
xinlei87/cloud-compute-over-blockchain-ethereum,1.0,[],1.0
isotbiberi/ggtest,0.0,[],1.0
martinxp/oscam_11391,0.0,[],1.0
abcOS/abcOS,1.0,[],0.0
frextang/cos,0.0,[],0.0
mozilla/treeherder,216.0,"['mozilla', 'python', 'django', 'django-rest-framework', 'react', 'treeherder', 'continuous-integration', 'reactjs', 'docker', 'docker-compose']",26.0
pinkflozd/oscam-emu-backup,0.0,[],2.0
scc/slash,15.0,[],3.0
ivozzo/MarlinKossel,0.0,[],1.0
nilesh0604/marlin-1.9,0.0,[],1.0
martin-wu/vault,0.0,[],1.0
augin/oscam,0.0,[],1.0
DistributedProofreaders/dproofreaders,25.0,"['ebooks', 'proofreading', 'public-domain', 'ebook-process']",9.0
jfgomez86/Marlin2-KosselMini,0.0,[],0.0
Bridgier/MarlinFirmware,0.0,[],1.0
kstoltzf/marlin,0.0,[],1.0
nitrotm/Marlin1.1-UMOP,0.0,[],1.0
MicroTransactionsMatterToo/Personal-Marlin-Ender3,0.0,[],1.0
Stefan-Code/prusa-i3-marlin,2.0,[],1.0
marangoni/Marlin-NuriaRepRap,0.0,[],1.0
XeeD/Marlin,0.0,[],2.0
zrysmt/study-webpack-code,0.0,[],1.0
lucasaciole/DC-UFSCar-ES2-201701-GrupoFoco,1.0,[],2.0
djwmarcx/marlin-okami,0.0,[],1.0
jchao1994/webpack4.44.2-source-code,0.0,[],1.0
raiskila/webpack,0.0,[],1.0
ManchesterMakerspace/Prusa-i3-Marlin,0.0,[],4.0
webpack/webpack,58418.0,"['webpack', 'javascript', 'module-bundler', 'loaders', 'plugins', 'build-tool', 'web', 'web-performance', 'compiler', 'javascript-compiler', 'commonjs', 'amd', 'esm', 'es6', 'es2015', 'javascript-modules']",1572.0
pdlussier/webpack_fork,0.0,[],1.0
pOmelchenko/my-prusa-marlin-firmware,0.0,[],1.0
luci-11/Marlin_1.1.9_A10,0.0,[],0.0
roguecode/CubeXMarlin,0.0,[],1.0
chris-iot/Marlin,0.0,[],0.0
gomezcul/solidity,0.0,[],0.0
sachinjijojacob/solidity,0.0,[],1.0
claytono/Marlin,0.0,[],0.0
wuyazero/go-ethereum,0.0,[],0.0
prapun77/zetacoin,0.0,[],1.0
faucetsdn/faucet,392.0,"['sdn', 'sdn-controller', 'software-defined-network', 'faucet-sdn']",55.0
noymer/growi,0.0,[],1.0
paulhurleyuk/Marlin,1.0,[],1.0
pinkflozd/oscam,0.0,[],1.0
n3wb13/test2,0.0,[],1.0
queaker/fablab-prusa-i3,0.0,[],1.0
Yelp/paasta,1525.0,"['paasta', 'mesos', 'infrastructure', 'smartstack', 'sensu', 'marathon', 'chronos', 'yelp', 'docker', 'paas']",96.0
svn2github/simulationcraft-ffxiv,1.0,[],3.0
newPOPE/Anycubic-i3-Mega-Marlin-Firmware,5.0,[],4.0
ayuxjh/SU2_v7,0.0,[],1.0
alexandre-janniaux/vlc-android,0.0,[],2.0
ZeroParadox/BlastBurners,0.0,[],1.0
Binarnia/PaddyTalk-iOS,0.0,[],2.0
PrakashExp/Ethereum,1.0,[],0.0
CPChain/solidity,0.0,[],0.0
pnoll1/Marlin,1.0,"['3d-printing', 'reprap', 'arduino', 'prusa-i3-mk3']",2.0
tcorbett90/ardupilot,0.0,[],1.0
ionic-team/ionic-legacy-docs,4.0,[],4.0
tejaswinibegur/test_quorum,0.0,[],0.0
2infinity-gh/electrum,0.0,[],1.0
adminJSH/pdf,0.0,[],1.0
2infinity-gh/electrum-bzx,0.0,[],0.0
maxhutch/qe-srb,0.0,[],1.0
chivava/rAthena,0.0,[],1.0
starmizi/geonode,0.0,[],2.0
sckjlsc/HelloWorld4,0.0,[],1.0
fozzysec/SiaPrime,0.0,[],1.0
rolc-team/rolc-chain,0.0,[],1.0
pnoll1/Marlin_MM3,0.0,[],1.0
xielizyh/wolfssl_esp-idf,0.0,[],1.0
Watisdeze12/hyper,0.0,[],0.0
onivim/libvim,468.0,"['vim', 'c', 'onivim', 'libvim', 'text-editor', 'vi']",19.0
s-imphead/MarlinForTrinus,4.0,[],3.0
OyTao/etcd_learning,0.0,[],1.0
fredrudolf/crf_cr10_yellow,0.0,[],0.0
angelinastephan/material-ui-test,0.0,[],1.0
afibacer/cartest,0.0,[],0.0
iMokhles/dpkg,4.0,[],1.0
eric-erki/webpack,0.0,[],1.0
derUli/ulicms,6.0,[],3.0
Dr-Gandalf/Marlin_old,0.0,[],1.0
hemplockexitbags/ethereum,0.0,[],0.0
hempblock/solidiy,0.0,[],0.0
akrlfix/betaflight,0.0,[],1.0
MapStory/geonode-archaic,0.0,[],5.0
Walgri/Marlin_3dP1,0.0,[],2.0
pradeepkumare/vagrantbook.web,0.0,[],0.0
mseamari/Stuff,0.0,[],1.0
pcish/ceph-compare,1.0,[],1.0
litetokens/solidity,0.0,"['solidity-documentation', 'language']",2.0
tlanghals-uturn/helm-charts,0.0,[],1.0
egemenalan/flowable-training,2.0,[],0.0
bitmovin/amphtml,0.0,[],9.0
DoZh/fomu-mpy,0.0,[],2.0
putz612/Marlin,0.0,[],1.0
mb300sd/Marlin-Raise3D-N2-Plus,0.0,[],1.0
yangwoo4u/active,0.0,[],1.0
sapcc/helm-charts,15.0,"['openstack', 'helm', 'kubernetes']",25.0
refinery/refinerycms,3797.0,"['refinery', 'ruby', 'rails', 'news', 'refinery-cms', 'demo', 'inquiry', 'hacktoberfest']",117.0
primefaces/primefaces,1368.0,[],130.0
beast-dev/beast-mcmc,124.0,"['beast', 'java', 'bayesian-analysis', 'mcmc', 'phylogenetics', 'evolution']",46.0
jess/refinerycms-upcycle,0.0,[],2.0
cmosher01/cmosher-software-archive,0.0,[],1.0
1021256354/MINGW-packages,0.0,[],1.0
punkto/marlin_colido_test,1.0,[],2.0
teamfx/openjfx-8u-dev-rt,15.0,[],6.0
Philwi/refinerycms,0.0,[],1.0
mindforger/micropython-L432KC,0.0,[],1.0
vegetablejedi/Marlin-Printrbot-Simple-Metal,4.0,[],3.0
nikcola/shopware,0.0,[],1.0
depedro/test,0.0,[],1.0
wertus33333/Marlin_original,0.0,[],0.0
tchaiphat/oscam,0.0,[],0.0
ewoms/ewoms-eclsimulators,0.0,[],1.0
kunichiruu18/rathena,0.0,[],0.0
evertonsnake/rathena,1.0,[],0.0
jbrubioo/rathena,0.0,[],0.0
skyparanoia7/rathena,0.0,[],0.0
saprobes/rathena,0.0,[],0.0
nomercyth12/rathena,0.0,[],1.0
estracke/rathena,0.0,[],0.0
asengjr/rathena,0.0,[],0.0
Akheon23/rathena,0.0,[],0.0
execretionluck2/rathena,0.0,[],0.0
Firestatics/Firestatics46,0.0,[],1.0
TheManwithskills/serenity,0.0,[],1.0
githubforsank/esp_idf_org,0.0,[],1.0
hayleysworld/serenityc9,0.0,[],1.0
hayleysworld/serenityserver,1.0,[],1.0
Soldie/pydio-armazemanento-na-nuvem,0.0,[],0.0
khaeru/claws,0.0,[],2.0
xproax/apache-project-KEYS,0.0,[],1.0
dgloriaweb/talentexploit1,0.0,[],1.0
nn721/drools,0.0,[],1.0
yapstonegithub/Yap-Geth,0.0,[],1.0
nikhilgondane/RTD,0.0,[],0.0
sorgerlab/indra,111.0,"['systems-biology', 'modeling', 'biology', 'computational-biology', 'bioinformatics', 'pysb', 'nlp', 'indra', 'sbml']",19.0
ArtemovSA/TrezorPython,0.0,[],1.0
JunYangNXP/micropython,0.0,[],0.0
T-J-Teru/uclibc,0.0,[],3.0
arokapil/go-ethereum,0.0,[],0.0
Arielony/myEthereum,0.0,[],0.0
jureid/vcpkgdemo,0.0,[],1.0
WillBuik/supertux,0.0,[],0.0
jabog023/go-ethereum,0.0,[],0.0
JeremyAgost/gemrb,2.0,[],1.0
sana44/test,0.0,[],0.0
sana44/piwigo,0.0,[],0.0
koharjidan/bitcoin,0.0,[],1.0
melvinisken/Marlin1.1.9_Geeetechi3,0.0,[],1.0
michaelbjerking/Marlin,0.0,[],0.0
mdlux/nina_geosites_third,0.0,[],1.0
uzapolsky/jekyll,0.0,[],1.0
amgalan-sp/jekyll,0.0,[],0.0
AccountLog/jekyll,0.0,[],1.0
5p1K3-wq/jekyll,0.0,[],1.0
aboranba/jekyll,0.0,[],1.0
m-episcopov/jekyll,0.0,[],1.0
danceandfight/jekyll,0.0,[],0.0
mrsGizer/jekyll,0.0,[],0.0
vovkpavlik/jekyll,0.0,[],1.0
Kirill362/jekyll,0.0,[],1.0
nata4os/jekyll,0.0,[],1.0
CardanusGitHubus/jekyll,0.0,[],1.0
Valeria2312/jekyll,0.0,[],1.0
K-Rybak/jekyll,0.0,[],1.0
dbrvlsklna/jekyll,0.0,[],1.0
alexgonsales/jekyll,0.0,[],0.0
keinen87/jekyll,0.0,[],1.0
DPProger/jekyll,0.0,[],0.0
PopovVA/jekyll,0.0,[],0.0
Galka88/jekyll,0.0,[],1.0
lalym/jekyll,0.0,[],1.0
NikolaSedProgger/jekyll,0.0,[],1.0
akmich/jekyll,0.0,[],0.0
LeCrew163/jekyll,0.0,[],1.0
vitaliylyalin/jekyll,0.0,[],0.0
zxy-zxy/jekyll,0.0,[],0.0
herypank/jekyll,1.0,[],0.0
originalmalek/jekyll,0.0,[],1.0
enibeni/jekyll,0.0,[],1.0
TamerlanRK/jekyll,0.0,[],1.0
korusa74/jekyll,0.0,[],1.0
SerejkaSJ/jekyll,0.0,[],0.0
rimprog/jekyll,0.0,[],0.0
samuraii/jekyll,0.0,[],1.0
tharlo/jekyll,0.0,[],1.0
asandreenko/jekyll,0.0,[],1.0
varg123/jekyll,0.0,[],0.0
Yulia51188/jekyll,0.0,[],0.0
ahe1es/jekyll,0.0,[],0.0
killla/jekyll,0.0,[],1.0
drkrthnblack/jekyll,0.0,[],1.0
LeraKravts/jekyll,0.0,[],1.0
GotsukoSan/jekyll,0.0,[],1.0
turikino/jekyll,0.0,[],1.0
ampetrov/jekyll,0.0,[],1.0
ttestsett2/jekyll,0.0,[],0.0
WiseBoiii/jekyll,0.0,[],1.0
ilyapleshanov/jekyll,0.0,[],0.0
volodink/jekyll,0.0,[],1.0
rosoporto/jekyll,0.0,[],1.0
mfgnik/jekyll,0.0,[],0.0
surikov-k/jekyll,0.0,[],2.0
hotpokermm/jekyll,0.0,[],1.0
aragon74/jekyll,0.0,[],2.0
odnodum/jekyll,0.0,[],1.0
dej-s/jekyll,0.0,[],1.0
devmanInstructor/jekyll,0.0,[],1.0
grozaliven/jekyll,0.0,[],1.0
agav85/jekyll,0.0,[],1.0
f0kycNIK/jekyll,0.0,[],1.0
jkormik/jekyll,0.0,[],1.0
Celtuzed/jekyll,0.0,[],1.0
Wersario/jekyll,0.0,[],1.0
RCFixer/jekyll,0.0,[],1.0
mogubudu/jekyll,0.0,[],1.0
dnovik/jekyll,0.0,[],0.0
XxxWaLLianxxX/jekyll,0.0,[],1.0
emilbaluev/jekyll,0.0,[],0.0
andsedov/jekyll,0.0,[],2.0
AlBan52/jekyll,0.0,[],1.0
Piar1986/jekyll,0.0,[],1.0
canto9112/jekyll,0.0,[],1.0
gusevm/jekyll,0.0,[],0.0
Chadarr/jekyll,0.0,[],1.0
j0hntv/jekyll,0.0,[],0.0
Tenundor/jekyll,0.0,[],1.0
mikepanfilov/jekyll,0.0,[],1.0
dshubenok/jekyll,0.0,[],1.0
zelendanny/jekyll,0.0,[],1.0
lilia1314/jekyll,0.0,[],1.0
Kabesheva/jekyll,0.0,[],1.0
acev3/jekyll,0.0,[],1.0
ioshumer/jekyll,0.0,[],1.0
rulitka/jekyll,0.0,[],1.0
filatow/jekyll,0.0,[],1.0
kosmontin/jekyll,0.0,[],1.0
maratdzhukaev09/jekyll,0.0,[],1.0
bymm/hive,0.0,[],1.0
dotnet/extensions,2167.0,['aspnet-product'],219.0
vitneu/eosclassic,1.0,[],0.0
chehw/bitcoin,0.0,[],1.0
HanumantappaBudihal/.NET-Extensions,0.0,[],1.0
WavesUP/WavesGUI,1.0,[],1.0
acestream/ace-media-library-android,6.0,[],3.0
nekia/fabric-block-archiving,3.0,[],1.0
freedomofpress/securedrop,3069.0,"['python', 'securedrop', 'journalism', 'flask-application', 'hacktoberfest']",158.0
moravianlibrary/vufind-portaly,0.0,[],20.0
stesachse/claws,0.0,[],1.0
saurabhgupta17888/LOTS_OF_NLP_MUST-READ,1.0,[],0.0
jeffmills-silverfir/refinerycms,0.0,[],1.0
gfto/oscam,94.0,[],37.0
MeliodasBH/boarhat,0.0,[],2.0
hankhank/BotBot,2.0,[],1.0
tudoragaf/test_7788,0.0,[],2.0
MASD-Project/dogen,44.0,"['code-generation', 'model-driven-development', 'c-plus-plus', 'boost', 'dia', 'linux', 'osx', 'windows', 'code-generator']",12.0
sundaymoring/TIP,0.0,[],1.0
jonahgraham/org.eclipse.ptp,0.0,[],1.0
ranchercus/ui,0.0,[],0.0
MeliodasBH/Articuno-Land,0.0,[],1.0
fotissss/PreciousCoin,0.0,[],2.0
BTCfork/hardfork_prototype_1_mvf-core,1.0,[],1.0
rofl0r/eudev-temp,1.0,[],2.0
anarsoul/buildroot-zipit,2.0,[],3.0
jenetics/jenetics,633.0,"['evolutionary-algorithms', 'genetic-algorithm', 'artificial-intelligence', 'optimization', 'evolutionary-strategy', 'parallel-algorithm', 'metaheuristics', 'genetic-programming', 'machine-learning', 'java', 'java11', 'multiobjective-optimization']",42.0
tubackkhoa/go-tomochain,0.0,[],0.0
cmusv-sc/Spark,0.0,[],8.0
bpchaininfo/bpcpublicchain,0.0,[],1.0
jsitnicki/claws,0.0,[],1.0
DMDirc/DMDirc,5.0,"['irc-client', 'irc']",3.0
enqack/ht-nodebb,0.0,[],1.0
WeQGlobalTech/presto,0.0,[],2.0
fleitner/claws-mail,0.0,[],1.0
ctmwow/t,0.0,[],0.0
big4david/YTAChain,0.0,[],0.0
junhalba/incubator-mxnet-master,0.0,[],2.0
chinabjy/eosio,0.0,[],0.0
SockBinary/zerocoin,0.0,[],1.0
michelvankessel/payblkv1,0.0,[],1.0
wolfoxonly/icbit,0.0,[],0.0
fictional-tribble-2/facebook--react,0.0,[],3.0
dumbbell/libvirt,1.0,[],10.0
plok74122/bootstrap,0.0,[],1.0
grinchios/EPMgrabber,0.0,[],0.0
D-ICE/chrono,0.0,[],2.0
CODeRUS/mpd,0.0,[],1.0
imharrywu/lxr,0.0,[],1.0
Toysoft/electrum-satochip,0.0,[],1.0
grinchios/OpenTTD-AI,0.0,[],0.0
imharrywu/bkc,0.0,[],1.0
andoma/movian,237.0,"['mediaplayer', 'android', 'ps3', 'ios', 'multimedia', 'rpi']",40.0
rmarwaha/libvirt1,1.0,[],2.0
AIConnectomics/CATMAID,0.0,[],3.0
MarkusTeufelberger/openerp-web,1.0,[],2.0
slowfranklin/tracker,0.0,[],1.0
amitpatange88/Bootstrap,1.0,[],1.0
woodey613/openwrt,1.0,[],0.0
bradharding/doomretro,375.0,"['doom', 'retro', 'source-port', 'windows', 'c', 'sdl2', 'gpl', 'gplv3', 'sdl', 'sdl2-mixer', 'sdl2-image', 'fps', 'game', 'doom2', 'boom', 'mbf', 'vanilla-doom', 'limit-removing', 'chocolate-doom', 'free-software']",35.0
edgd1er/jeedom-rpi,5.0,"['raspberry-pi-3', 'jeedom', 'debian', 'buster', 'docker', 'docker-compose']",2.0
slitvinov/lammps-stokes,4.0,[],3.0
ossf-cve-benchmark/CVE-2018-6341,0.0,[],0.0
codex-exchange/electrum-omni,1.0,[],2.0
CodeItQuick/Virtual-Wellness-Open-Source,0.0,[],1.0
muhammadyusronn/crud_ci3,0.0,[],1.0
spiderbiggen/asv-series-guide,0.0,[],1.0
andjanuardi/e-RFK-API,0.0,[],1.0
hamzahfauzy/ppdb,0.0,[],1.0
steamyrain/alkal,0.0,[],1.0
rmarwaha/libvirt,1.0,[],1.0
bcit-ci/CodeIgniter,18150.0,['php'],1630.0
UweTrottmann/SeriesGuide,1561.0,"['android', 'java', 'tv', 'movies', 'kotlin', 'seriesguide']",118.0
TestLinkOpenSourceTRMS/testlink-code,1029.0,[],127.0
lishenglincn/go-mirrored,0.0,[],1.0
patelkajal/kajal,0.0,[],2.0
bitbaba/altcoin,0.0,[],2.0
alianza/ASV_SeriesGuide,0.0,[],1.0
Pelagicore/tracker-ivi,4.0,[],19.0
aayc/emacs-config,0.0,[],2.0
jjzhang166/mpc-hc,0.0,[],1.0
IvanB12Lost/mmm,1.0,[],1.0
rocriver/mpc-hc,0.0,[],1.0
lilith-project/lilith-buildroot,1.0,[],1.0
fujicoin/electrum-fjc-3.3.4,0.0,[],1.0
ADVAN-ELAA-8QM-PRC1/platform-external-ltp,0.0,[],2.0
nkalodimas/invenio,0.0,[],1.0
pjones9/koha-bavousett,4.0,[],2.0
datamaticsdev/openeyes,0.0,[],0.0
KestrelInstitute/Specware,16.0,[],9.0
LINGLOS/LTP,0.0,[],2.0
codebyravi/catapult,0.0,[],1.0
fieldenms/tg,13.0,"['software-development', 'software-engineering', 'software-testing', 'software-architecture', 'domain-driven-design']",14.0
retailnext/journalread,1.0,"['golang', 'journald']",6.0
gochain/gochain,96.0,"['blockchain', 'web3', 'gochain']",14.0
retailnext/backoff,2.0,['golang'],6.0
MalekWahada/CodeIgniter,0.0,[],0.0
Zack0617/luci,0.0,[],1.0
fiat-token/bitcore,1.0,[],2.0
Setiawanhada/website_bhaktimuda,0.0,[],1.0
daikitahataha/pserslal_dev1,0.0,[],1.0
Lienol/openwrt-luci,17.0,[],3.0
bitspill/slr-bitcoin,2.0,[],4.0
daikitahataha/privare_work,0.0,[],1.0
gaowanyao/coin,0.0,[],0.0
maestro-hybrid-cloud/heat,0.0,[],2.0
szymonchowaniec/swot,0.0,[],0.0
anji88/angualr-cms,0.0,[],1.0
NOAA-PMEL/LAS,10.0,[],6.0
raser004/Tutorials,1.0,[],0.0
frida/vala,6.0,[],4.0
runtimeverification/solidity,10.0,[],14.0
xuhanfeng2219/xhf-activemq,1.0,[],0.0
rmulder/bootstrap,0.0,[],1.0
jkadlec/knot-dns-zoneapi,0.0,[],1.0
room9ho/sac1,1.0,[],0.0
quay/quay,1766.0,"['quay', 'containers', 'oci-distribution', 'docker']",25.0
PhaniKrishna007/mvpk666,0.0,[],0.0
PhaniKrishna007/Packer,0.0,[],0.0
kevinbac/study,0.0,[],0.0
karthikjaps/maven,0.0,[],1.0
jacektracz/jacektracz-ghost-core,0.0,[],1.0
totalkyos/stack-storm,0.0,[],1.0
hzxGoForward/eos-reading,0.0,[],1.0
merlindu/openwrt-luci,0.0,"['openwrt', 'feeds', 'package', 'luci']",1.0
ArchStrike/ArchStrike,406.0,"['arch-linux', 'archstrike', 'armv7', 'armv8', 'security', 'security-professionals', 'hacking', 'pentesting', 'distro', 'arch-pkgbuilds', 'linux', 'linux-distribution', 'repository', 'security-audit', 'hackers', 'armv6', 'odroid-c2', 'raspberry-pi', 'penetration-testing', 'tools']",38.0
databrary/databrary,47.0,"['web-application', 'golang', 'angular', 'ezid', 'crossref-client', 'crossref-api', 'flow-js']",19.0
lipeiqiang78/gms-core,0.0,[],1.0
santhoshepam/vagrant,0.0,[],0.0
ehmoussi/code_aster,1.0,[],2.0
Sporesirius/YAMS-GRUB2,1.0,['yams'],0.0
apache-spark/spark,3.0,[],2.0
kajamuyenudeen/HelmCharts,0.0,[],1.0
yas777/Toy_demo,0.0,[],0.0
jackkiej/SickRage,0.0,[],1.0
vitmod/ni-neutrino-hd,0.0,[],1.0
hjfgt/luci_ntlf9t,0.0,[],0.0
flux-framework/flux-core,83.0,"['hpc', 'resource-manager', 'workflows', 'radiuss']",23.0
donaldinou/maillots-nantes,0.0,[],1.0
abar2day/najran,0.0,[],0.0
sikuner/luci,0.0,[],1.0
Beyond-simplechain/eosself,0.0,[],1.0
yangcoin/bitcoin-bitpay,0.0,[],1.0
TheManwithskills/Dusk--Showdown,0.0,[],1.0
DB898/theregalias,0.0,[],1.0
haniefhan/base_project,0.0,[],1.0
icocoinproject/icocoin,2.0,[],1.0
ZeroParadox/ugh,0.0,[],1.0
laravel/docs,2111.0,"['laravel', 'docs']",209.0
arokapil/go-ethprogpow,0.0,[],0.0
j0hnma/hszbootstrap,0.0,[],1.0
gilala/bjbootstrap,0.0,[],1.0
gilala/hbjbootstrap,0.0,[],1.0
j0hnma/szbootstrap,0.0,[],1.0
readTeam/read-react,1.0,[],2.0
EDXFund/Validator,0.0,[],0.0
UnicoinUWA/go-ethereum,0.0,[],0.0
LegendaryCoinTech/go-ethereum,0.0,[],0.0
FFTEAM/oscam,0.0,[],1.0
peter-gyq/mpc-hc,0.0,[],0.0
EricIO/helm,0.0,[],1.0
martinRush/JuiceShop,0.0,[],1.0
nokster/react,0.0,[],1.0
emacs-helm/helm,3015.0,"['helm', 'emacs-helm', 'emacs-lisp', 'emacs', 'completions']",102.0
MidasCore/java-mcashchain,5.0,"['blockchain', 'p2p', 'java', 'mcashchain']",2.0
barberscore/barberscore-api,10.0,['barbershop-harmony-society'],4.0
frankyfy/ethereum,0.0,[],0.0
yaroschiffelers/Ghost,0.0,[],2.0
MIPS/external-ltp,0.0,[],5.0
arokapil/go-cents-progpow,1.0,[],0.0
eclipse/pdt,139.0,"['php-development', 'eclipse', 'pdt', 'java', 'webdevelopment', 'php', 'composer', 'phpunit', 'xdebug', 'profiling', 'debugging']",30.0
khadas/android_external_ltp,0.0,[],2.0
GiantSlayer1913/reactr-not-working-,0.0,[],0.0
sanyaade-teachings/spresense-micropython,0.0,[],1.0
LINBIT/drbd,396.0,"['high-availability', 'linux-kernel-module', 'drbd', 'sds']",34.0
qinwang13/tidb,0.0,[],1.0
sourcegraph-testing/tidb,0.0,[],4.0
yarthur1/tidb,0.0,[],1.0
ChenPeng2013/tidb,0.0,[],0.0
ZhouShiJun5/pingcap-tidb,0.0,[],1.0
Smityz/talentplan,0.0,[],1.0
noahmutiso/sasplanet,0.0,[],0.0
pingcap/tidb,28073.0,"['distributed-database', 'distributed-transactions', 'tidb', 'database', 'scale', 'mysql', 'htap', 'sql', 'cloud-native', 'serverless', 'mysql-compatibility', 'go', 'hacktoberfest']",1353.0
sasgis/sas.planet.src,41.0,[],7.0
IlIlIlIII/tidb_server,0.0,[],1.0
ethereum/remix-project,407.0,"['remix', 'remix-ide', 'solidity', 'smart-contracts', 'evm', 'vyper', 'blockchain', 'ethereum']",25.0
olindata/zabbix,10.0,[],6.0
muirglacier/remix-amnesia-project,0.0,[],1.0
ninjadotorg/uncommons,0.0,[],5.0
imco/mte-v1.0,4.0,[],14.0
glennjin/cas,0.0,[],2.0
RasPlex/systemtap,7.0,[],2.0
thundercore/thundercore-localchain,28.0,[],6.0
thomask/doctrine2-with-inversedby-override,0.0,[],2.0
zoobab/buildroot-beaglebone,1.0,[],2.0
jalabordo/Marlin-2.0,0.0,[],1.0
ericsahit/SMSpark,0.0,[],1.0
wuyazero/go-ethereum-old,0.0,[],0.0
CCI-MIT/XCoLab,16.0,[],8.0
Kryvtsov/REACT,0.0,[],1.0
sudent/symfony,1.0,[],1.0
GOCLAB/goc,2.0,[],0.0
gomexvato/mm,0.0,[],0.0
etherzero-org/go-etherzero,45.0,[],17.0
lancium/GenesisII-Stale-DO-NOT-USE,0.0,[],1.0
ysadamori/-spaCy,1.0,[],1.0
adrianotto/centos6,1.0,[],2.0
qinwang/activemq,0.0,[],1.0
qinwang/apollo,0.0,[],1.0
giellalt/lang-sma,1.0,"['finite-state-transducers', 'constraint-grammar', 'minority-language', 'nlp', 'language-resources', 'indigenous-languages', 'giellalt-langs', 'proofing-tools', 'maturity-prod', 'geo-nordic', 'langfam-uralic']",20.0
sdumaoziqi/gjdw,0.0,[],1.0
FEYoung/Scratchpads2,0.0,[],2.0
pcdas/spark,0.0,[],1.0
apache/druid,10893.0,['druid'],632.0
asivakam/landing-page,0.0,[],0.0
psferreira/druid,0.0,[],1.0
shaoxiongwang/MIT,0.0,[],0.0
mohitums/Test3kRepo,0.0,[],1.0
eric-erki/-druid,0.0,[],1.0
mcbrewster/test,0.0,[],1.0
